idx,nodule_id,patient_id,scan_id,split,label,shape
0,LIDC-IDRI-0069_scan2_cluster002,LIDC-IDRI-0069,2,treino,maligno,3x64x64
1,LIDC-IDRI-0001_scan12_cluster000,LIDC-IDRI-0001,12,treino,maligno,3x64x64
2,LIDC-IDRI-0003_scan14_cluster001,LIDC-IDRI-0003,14,treino,maligno,3x64x64
3,LIDC-IDRI-0003_scan14_cluster002,LIDC-IDRI-0003,14,treino,maligno,3x64x64
4,LIDC-IDRI-0003_scan14_cluster003,LIDC-IDRI-0003,14,treino,maligno,3x64x64
5,LIDC-IDRI-0004_scan15_cluster000,LIDC-IDRI-0004,15,treino,benigno,3x64x64
6,LIDC-IDRI-0007_scan18_cluster000,LIDC-IDRI-0007,18,teste,maligno,3x64x64
7,LIDC-IDRI-0010_scan21_cluster002,LIDC-IDRI-0010,21,treino,maligno,3x64x64
8,LIDC-IDRI-0011_scan22_cluster005,LIDC-IDRI-0011,22,treino,benigno,3x64x64
9,LIDC-IDRI-0011_scan22_cluster009,LIDC-IDRI-0011,22,treino,maligno,3x64x64
10,LIDC-IDRI-0012_scan23_cluster001,LIDC-IDRI-0012,23,treino,benigno,3x64x64
11,LIDC-IDRI-0012_scan23_cluster003,LIDC-IDRI-0012,23,treino,maligno,3x64x64
12,LIDC-IDRI-0012_scan23_cluster008,LIDC-IDRI-0012,23,treino,benigno,3x64x64
13,LIDC-IDRI-0013_scan24_cluster001,LIDC-IDRI-0013,24,treino,maligno,3x64x64
14,LIDC-IDRI-0013_scan24_cluster002,LIDC-IDRI-0013,24,treino,maligno,3x64x64
15,LIDC-IDRI-0014_scan25_cluster000,LIDC-IDRI-0014,25,treino,maligno,3x64x64
16,LIDC-IDRI-0015_scan26_cluster000,LIDC-IDRI-0015,26,treino,maligno,3x64x64
17,LIDC-IDRI-0016_scan27_cluster000,LIDC-IDRI-0016,27,teste,maligno,3x64x64
18,LIDC-IDRI-0016_scan27_cluster001,LIDC-IDRI-0016,27,teste,maligno,3x64x64
19,LIDC-IDRI-0016_scan27_cluster005,LIDC-IDRI-0016,27,teste,maligno,3x64x64
20,LIDC-IDRI-0017_scan28_cluster000,LIDC-IDRI-0017,28,treino,benigno,3x64x64
21,LIDC-IDRI-0018_scan29_cluster000,LIDC-IDRI-0018,29,teste,benigno,3x64x64
22,LIDC-IDRI-0018_scan29_cluster001,LIDC-IDRI-0018,29,teste,maligno,3x64x64
23,LIDC-IDRI-0018_scan29_cluster003,LIDC-IDRI-0018,29,teste,maligno,3x64x64
24,LIDC-IDRI-0021_scan32_cluster002,LIDC-IDRI-0021,32,treino,benigno,3x64x64
25,LIDC-IDRI-0023_scan34_cluster000,LIDC-IDRI-0023,34,teste,maligno,3x64x64
26,LIDC-IDRI-0024_scan35_cluster001,LIDC-IDRI-0024,35,teste,maligno,3x64x64
27,LIDC-IDRI-0024_scan35_cluster002,LIDC-IDRI-0024,35,teste,benigno,3x64x64
28,LIDC-IDRI-0027_scan38_cluster003,LIDC-IDRI-0027,38,treino,benigno,3x64x64
29,LIDC-IDRI-0031_scan42_cluster002,LIDC-IDRI-0031,42,treino,maligno,3x64x64
30,LIDC-IDRI-0031_scan42_cluster003,LIDC-IDRI-0031,42,treino,benigno,3x64x64
31,LIDC-IDRI-0031_scan42_cluster004,LIDC-IDRI-0031,42,treino,maligno,3x64x64
32,LIDC-IDRI-0034_scan45_cluster000,LIDC-IDRI-0034,45,treino,benigno,3x64x64
33,LIDC-IDRI-0036_scan47_cluster001,LIDC-IDRI-0036,47,validacao,maligno,3x64x64
34,LIDC-IDRI-0037_scan48_cluster000,LIDC-IDRI-0037,48,treino,maligno,3x64x64
35,LIDC-IDRI-0037_scan48_cluster001,LIDC-IDRI-0037,48,treino,maligno,3x64x64
36,LIDC-IDRI-0039_scan50_cluster000,LIDC-IDRI-0039,50,treino,benigno,3x64x64
37,LIDC-IDRI-0039_scan50_cluster001,LIDC-IDRI-0039,50,treino,benigno,3x64x64
38,LIDC-IDRI-0039_scan50_cluster002,LIDC-IDRI-0039,50,treino,benigno,3x64x64
39,LIDC-IDRI-0039_scan50_cluster003,LIDC-IDRI-0039,50,treino,benigno,3x64x64
40,LIDC-IDRI-0041_scan52_cluster000,LIDC-IDRI-0041,52,treino,maligno,3x64x64
41,LIDC-IDRI-0042_scan53_cluster008,LIDC-IDRI-0042,53,treino,benigno,3x64x64
42,LIDC-IDRI-0043_scan54_cluster000,LIDC-IDRI-0043,54,treino,benigno,3x64x64
43,LIDC-IDRI-0043_scan54_cluster001,LIDC-IDRI-0043,54,treino,benigno,3x64x64
44,LIDC-IDRI-0043_scan54_cluster002,LIDC-IDRI-0043,54,treino,maligno,3x64x64
45,LIDC-IDRI-0044_scan55_cluster001,LIDC-IDRI-0044,55,teste,benigno,3x64x64
46,LIDC-IDRI-0044_scan55_cluster002,LIDC-IDRI-0044,55,teste,maligno,3x64x64
47,LIDC-IDRI-0045_scan56_cluster002,LIDC-IDRI-0045,56,teste,maligno,3x64x64
48,LIDC-IDRI-0045_scan56_cluster004,LIDC-IDRI-0045,56,teste,maligno,3x64x64
49,LIDC-IDRI-0045_scan56_cluster005,LIDC-IDRI-0045,56,teste,benigno,3x64x64
50,LIDC-IDRI-0045_scan56_cluster009,LIDC-IDRI-0045,56,teste,maligno,3x64x64
51,LIDC-IDRI-0045_scan56_cluster010,LIDC-IDRI-0045,56,teste,benigno,3x64x64
52,LIDC-IDRI-0045_scan56_cluster011,LIDC-IDRI-0045,56,teste,maligno,3x64x64
53,LIDC-IDRI-0046_scan57_cluster004,LIDC-IDRI-0046,57,treino,benigno,3x64x64
54,LIDC-IDRI-0047_scan58_cluster000,LIDC-IDRI-0047,58,treino,maligno,3x64x64
55,LIDC-IDRI-0048_scan59_cluster002,LIDC-IDRI-0048,59,treino,maligno,3x64x64
56,LIDC-IDRI-0049_scan60_cluster004,LIDC-IDRI-0049,60,treino,benigno,3x64x64
57,LIDC-IDRI-0049_scan60_cluster005,LIDC-IDRI-0049,60,treino,benigno,3x64x64
58,LIDC-IDRI-0049_scan60_cluster007,LIDC-IDRI-0049,60,treino,benigno,3x64x64
59,LIDC-IDRI-0049_scan60_cluster008,LIDC-IDRI-0049,60,treino,benigno,3x64x64
60,LIDC-IDRI-0049_scan60_cluster009,LIDC-IDRI-0049,60,treino,maligno,3x64x64
61,LIDC-IDRI-0049_scan60_cluster010,LIDC-IDRI-0049,60,treino,benigno,3x64x64
62,LIDC-IDRI-0049_scan60_cluster011,LIDC-IDRI-0049,60,treino,benigno,3x64x64
63,LIDC-IDRI-0049_scan60_cluster014,LIDC-IDRI-0049,60,treino,benigno,3x64x64
64,LIDC-IDRI-0050_scan61_cluster000,LIDC-IDRI-0050,61,treino,maligno,3x64x64
65,LIDC-IDRI-0051_scan62_cluster001,LIDC-IDRI-0051,62,treino,maligno,3x64x64
66,LIDC-IDRI-0051_scan62_cluster002,LIDC-IDRI-0051,62,treino,maligno,3x64x64
67,LIDC-IDRI-0052_scan63_cluster000,LIDC-IDRI-0052,63,treino,benigno,3x64x64
68,LIDC-IDRI-0052_scan63_cluster001,LIDC-IDRI-0052,63,treino,maligno,3x64x64
69,LIDC-IDRI-0053_scan64_cluster000,LIDC-IDRI-0053,64,treino,maligno,3x64x64
70,LIDC-IDRI-0053_scan64_cluster001,LIDC-IDRI-0053,64,treino,maligno,3x64x64
71,LIDC-IDRI-0054_scan65_cluster000,LIDC-IDRI-0054,65,validacao,maligno,3x64x64
72,LIDC-IDRI-0055_scan66_cluster001,LIDC-IDRI-0055,66,treino,maligno,3x64x64
73,LIDC-IDRI-0055_scan66_cluster004,LIDC-IDRI-0055,66,treino,maligno,3x64x64
74,LIDC-IDRI-0056_scan67_cluster001,LIDC-IDRI-0056,67,treino,benigno,3x64x64
75,LIDC-IDRI-0056_scan67_cluster002,LIDC-IDRI-0056,67,treino,benigno,3x64x64
76,LIDC-IDRI-0057_scan68_cluster000,LIDC-IDRI-0057,68,treino,maligno,3x64x64
77,LIDC-IDRI-0058_scan69_cluster000,LIDC-IDRI-0058,69,teste,maligno,3x64x64
78,LIDC-IDRI-0058_scan69_cluster002,LIDC-IDRI-0058,69,teste,maligno,3x64x64
79,LIDC-IDRI-0059_scan70_cluster000,LIDC-IDRI-0059,70,treino,maligno,3x64x64
80,LIDC-IDRI-0060_scan71_cluster000,LIDC-IDRI-0060,71,treino,maligno,3x64x64
81,LIDC-IDRI-0060_scan71_cluster003,LIDC-IDRI-0060,71,treino,maligno,3x64x64
82,LIDC-IDRI-0061_scan72_cluster000,LIDC-IDRI-0061,72,teste,maligno,3x64x64
83,LIDC-IDRI-0061_scan72_cluster004,LIDC-IDRI-0061,72,teste,benigno,3x64x64
84,LIDC-IDRI-0061_scan72_cluster005,LIDC-IDRI-0061,72,teste,maligno,3x64x64
85,LIDC-IDRI-0064_scan75_cluster001,LIDC-IDRI-0064,75,treino,maligno,3x64x64
86,LIDC-IDRI-0066_scan77_cluster000,LIDC-IDRI-0066,77,treino,maligno,3x64x64
87,LIDC-IDRI-0066_scan77_cluster001,LIDC-IDRI-0066,77,treino,maligno,3x64x64
88,LIDC-IDRI-0066_scan77_cluster002,LIDC-IDRI-0066,77,treino,maligno,3x64x64
89,LIDC-IDRI-0067_scan78_cluster000,LIDC-IDRI-0067,78,treino,maligno,3x64x64
90,LIDC-IDRI-0067_scan78_cluster001,LIDC-IDRI-0067,78,treino,benigno,3x64x64
91,LIDC-IDRI-0068_scan79_cluster002,LIDC-IDRI-0068,79,treino,maligno,3x64x64
92,LIDC-IDRI-0068_scan79_cluster004,LIDC-IDRI-0068,79,treino,maligno,3x64x64
93,LIDC-IDRI-0068_scan79_cluster005,LIDC-IDRI-0068,79,treino,maligno,3x64x64
94,LIDC-IDRI-0072_scan82_cluster000,LIDC-IDRI-0072,82,treino,maligno,3x64x64
95,LIDC-IDRI-0073_scan83_cluster002,LIDC-IDRI-0073,83,teste,maligno,3x64x64
96,LIDC-IDRI-0074_scan84_cluster000,LIDC-IDRI-0074,84,treino,maligno,3x64x64
97,LIDC-IDRI-0075_scan85_cluster001,LIDC-IDRI-0075,85,treino,maligno,3x64x64
98,LIDC-IDRI-0077_scan87_cluster000,LIDC-IDRI-0077,87,teste,maligno,3x64x64
99,LIDC-IDRI-0080_scan88_cluster000,LIDC-IDRI-0080,88,treino,maligno,3x64x64
100,LIDC-IDRI-0080_scan88_cluster001,LIDC-IDRI-0080,88,treino,maligno,3x64x64
101,LIDC-IDRI-0081_scan89_cluster000,LIDC-IDRI-0081,89,treino,maligno,3x64x64
102,LIDC-IDRI-0081_scan89_cluster001,LIDC-IDRI-0081,89,treino,maligno,3x64x64
103,LIDC-IDRI-0082_scan90_cluster000,LIDC-IDRI-0082,90,treino,maligno,3x64x64
104,LIDC-IDRI-0084_scan92_cluster001,LIDC-IDRI-0084,92,teste,benigno,3x64x64
105,LIDC-IDRI-0084_scan92_cluster002,LIDC-IDRI-0084,92,teste,benigno,3x64x64
106,LIDC-IDRI-0085_scan93_cluster000,LIDC-IDRI-0085,93,treino,benigno,3x64x64
107,LIDC-IDRI-0087_scan95_cluster000,LIDC-IDRI-0087,95,treino,maligno,3x64x64
108,LIDC-IDRI-0088_scan96_cluster001,LIDC-IDRI-0088,96,treino,benigno,3x64x64
109,LIDC-IDRI-0088_scan96_cluster002,LIDC-IDRI-0088,96,treino,benigno,3x64x64
110,LIDC-IDRI-0089_scan97_cluster000,LIDC-IDRI-0089,97,treino,maligno,3x64x64
111,LIDC-IDRI-0090_scan98_cluster000,LIDC-IDRI-0090,98,treino,benigno,3x64x64
112,LIDC-IDRI-0092_scan100_cluster000,LIDC-IDRI-0092,100,treino,benigno,3x64x64
113,LIDC-IDRI-0092_scan100_cluster003,LIDC-IDRI-0092,100,treino,benigno,3x64x64
114,LIDC-IDRI-0093_scan101_cluster001,LIDC-IDRI-0093,101,treino,maligno,3x64x64
115,LIDC-IDRI-0094_scan102_cluster000,LIDC-IDRI-0094,102,treino,maligno,3x64x64
116,LIDC-IDRI-0095_scan103_cluster000,LIDC-IDRI-0095,103,validacao,maligno,3x64x64
117,LIDC-IDRI-0095_scan103_cluster002,LIDC-IDRI-0095,103,validacao,maligno,3x64x64
118,LIDC-IDRI-0096_scan104_cluster000,LIDC-IDRI-0096,104,treino,maligno,3x64x64
119,LIDC-IDRI-0099_scan107_cluster000,LIDC-IDRI-0099,107,teste,benigno,3x64x64
120,LIDC-IDRI-0106_scan113_cluster001,LIDC-IDRI-0106,113,treino,maligno,3x64x64
121,LIDC-IDRI-0108_scan115_cluster000,LIDC-IDRI-0108,115,treino,maligno,3x64x64
122,LIDC-IDRI-0111_scan117_cluster001,LIDC-IDRI-0111,117,validacao,maligno,3x64x64
123,LIDC-IDRI-0111_scan117_cluster002,LIDC-IDRI-0111,117,validacao,maligno,3x64x64
124,LIDC-IDRI-0112_scan118_cluster000,LIDC-IDRI-0112,118,validacao,maligno,3x64x64
125,LIDC-IDRI-0116_scan121_cluster001,LIDC-IDRI-0116,121,validacao,maligno,3x64x64
126,LIDC-IDRI-0118_scan123_cluster000,LIDC-IDRI-0118,123,teste,benigno,3x64x64
127,LIDC-IDRI-0118_scan123_cluster002,LIDC-IDRI-0118,123,teste,benigno,3x64x64
128,LIDC-IDRI-0118_scan123_cluster003,LIDC-IDRI-0118,123,teste,benigno,3x64x64
129,LIDC-IDRI-0118_scan123_cluster005,LIDC-IDRI-0118,123,teste,benigno,3x64x64
130,LIDC-IDRI-0119_scan124_cluster000,LIDC-IDRI-0119,124,treino,benigno,3x64x64
131,LIDC-IDRI-0119_scan124_cluster001,LIDC-IDRI-0119,124,treino,benigno,3x64x64
132,LIDC-IDRI-0120_scan125_cluster003,LIDC-IDRI-0120,125,treino,maligno,3x64x64
133,LIDC-IDRI-0121_scan126_cluster000,LIDC-IDRI-0121,126,treino,maligno,3x64x64
134,LIDC-IDRI-0124_scan129_cluster004,LIDC-IDRI-0124,129,validacao,benigno,3x64x64
135,LIDC-IDRI-0124_scan129_cluster005,LIDC-IDRI-0124,129,validacao,benigno,3x64x64
136,LIDC-IDRI-0124_scan129_cluster008,LIDC-IDRI-0124,129,validacao,benigno,3x64x64
137,LIDC-IDRI-0124_scan129_cluster014,LIDC-IDRI-0124,129,validacao,benigno,3x64x64
138,LIDC-IDRI-0126_scan131_cluster000,LIDC-IDRI-0126,131,treino,benigno,3x64x64
139,LIDC-IDRI-0126_scan131_cluster001,LIDC-IDRI-0126,131,treino,benigno,3x64x64
140,LIDC-IDRI-0128_scan132_cluster002,LIDC-IDRI-0128,132,treino,maligno,3x64x64
141,LIDC-IDRI-0129_scan133_cluster000,LIDC-IDRI-0129,133,treino,benigno,3x64x64
142,LIDC-IDRI-0129_scan133_cluster001,LIDC-IDRI-0129,133,treino,maligno,3x64x64
143,LIDC-IDRI-0129_scan133_cluster003,LIDC-IDRI-0129,133,treino,maligno,3x64x64
144,LIDC-IDRI-0129_scan133_cluster006,LIDC-IDRI-0129,133,treino,benigno,3x64x64
145,LIDC-IDRI-0129_scan133_cluster007,LIDC-IDRI-0129,133,treino,benigno,3x64x64
146,LIDC-IDRI-0129_scan133_cluster010,LIDC-IDRI-0129,133,treino,benigno,3x64x64
147,LIDC-IDRI-0129_scan133_cluster011,LIDC-IDRI-0129,133,treino,benigno,3x64x64
148,LIDC-IDRI-0129_scan133_cluster012,LIDC-IDRI-0129,133,treino,maligno,3x64x64
149,LIDC-IDRI-0129_scan133_cluster013,LIDC-IDRI-0129,133,treino,benigno,3x64x64
150,LIDC-IDRI-0130_scan134_cluster000,LIDC-IDRI-0130,134,treino,maligno,3x64x64
151,LIDC-IDRI-0130_scan134_cluster001,LIDC-IDRI-0130,134,treino,benigno,3x64x64
152,LIDC-IDRI-0131_scan135_cluster001,LIDC-IDRI-0131,135,validacao,maligno,3x64x64
153,LIDC-IDRI-0135_scan139_cluster003,LIDC-IDRI-0135,139,treino,benigno,3x64x64
154,LIDC-IDRI-0135_scan139_cluster004,LIDC-IDRI-0135,139,treino,benigno,3x64x64
155,LIDC-IDRI-0135_scan139_cluster005,LIDC-IDRI-0135,139,treino,benigno,3x64x64
156,LIDC-IDRI-0137_scan140_cluster001,LIDC-IDRI-0137,140,treino,maligno,3x64x64
157,LIDC-IDRI-0139_scan142_cluster001,LIDC-IDRI-0139,142,treino,maligno,3x64x64
158,LIDC-IDRI-0139_scan142_cluster002,LIDC-IDRI-0139,142,treino,maligno,3x64x64
159,LIDC-IDRI-0141_scan144_cluster001,LIDC-IDRI-0141,144,treino,maligno,3x64x64
160,LIDC-IDRI-0141_scan144_cluster003,LIDC-IDRI-0141,144,treino,benigno,3x64x64
161,LIDC-IDRI-0141_scan144_cluster004,LIDC-IDRI-0141,144,treino,benigno,3x64x64
162,LIDC-IDRI-0142_scan145_cluster000,LIDC-IDRI-0142,145,treino,benigno,3x64x64
163,LIDC-IDRI-0142_scan145_cluster001,LIDC-IDRI-0142,145,treino,benigno,3x64x64
164,LIDC-IDRI-0142_scan145_cluster002,LIDC-IDRI-0142,145,treino,maligno,3x64x64
165,LIDC-IDRI-0144_scan147_cluster000,LIDC-IDRI-0144,147,teste,benigno,3x64x64
166,LIDC-IDRI-0144_scan147_cluster001,LIDC-IDRI-0144,147,teste,benigno,3x64x64
167,LIDC-IDRI-0144_scan147_cluster003,LIDC-IDRI-0144,147,teste,benigno,3x64x64
168,LIDC-IDRI-0144_scan147_cluster004,LIDC-IDRI-0144,147,teste,maligno,3x64x64
169,LIDC-IDRI-0145_scan148_cluster001,LIDC-IDRI-0145,148,treino,maligno,3x64x64
170,LIDC-IDRI-0146_scan149_cluster000,LIDC-IDRI-0146,149,treino,maligno,3x64x64
171,LIDC-IDRI-0148_scan151_cluster001,LIDC-IDRI-0148,151,treino,maligno,3x64x64
172,LIDC-IDRI-0148_scan151_cluster002,LIDC-IDRI-0148,151,treino,maligno,3x64x64
173,LIDC-IDRI-0149_scan152_cluster002,LIDC-IDRI-0149,152,treino,benigno,3x64x64
174,LIDC-IDRI-0149_scan152_cluster004,LIDC-IDRI-0149,152,treino,benigno,3x64x64
175,LIDC-IDRI-0152_scan154_cluster000,LIDC-IDRI-0152,154,treino,benigno,3x64x64
176,LIDC-IDRI-0153_scan155_cluster000,LIDC-IDRI-0153,155,validacao,maligno,3x64x64
177,LIDC-IDRI-0159_scan160_cluster001,LIDC-IDRI-0159,160,treino,maligno,3x64x64
178,LIDC-IDRI-0160_scan161_cluster000,LIDC-IDRI-0160,161,treino,benigno,3x64x64
179,LIDC-IDRI-0160_scan161_cluster001,LIDC-IDRI-0160,161,treino,maligno,3x64x64
180,LIDC-IDRI-0162_scan163_cluster001,LIDC-IDRI-0162,163,treino,benigno,3x64x64
181,LIDC-IDRI-0163_scan164_cluster000,LIDC-IDRI-0163,164,treino,maligno,3x64x64
182,LIDC-IDRI-0164_scan165_cluster001,LIDC-IDRI-0164,165,validacao,maligno,3x64x64
183,LIDC-IDRI-0164_scan165_cluster002,LIDC-IDRI-0164,165,validacao,maligno,3x64x64
184,LIDC-IDRI-0164_scan165_cluster004,LIDC-IDRI-0164,165,validacao,benigno,3x64x64
185,LIDC-IDRI-0164_scan165_cluster010,LIDC-IDRI-0164,165,validacao,maligno,3x64x64
186,LIDC-IDRI-0168_scan169_cluster000,LIDC-IDRI-0168,169,treino,benigno,3x64x64
187,LIDC-IDRI-0169_scan170_cluster001,LIDC-IDRI-0169,170,treino,maligno,3x64x64
188,LIDC-IDRI-0169_scan170_cluster002,LIDC-IDRI-0169,170,treino,benigno,3x64x64
189,LIDC-IDRI-0170_scan171_cluster000,LIDC-IDRI-0170,171,validacao,maligno,3x64x64
190,LIDC-IDRI-0170_scan171_cluster001,LIDC-IDRI-0170,171,validacao,maligno,3x64x64
191,LIDC-IDRI-0171_scan172_cluster000,LIDC-IDRI-0171,172,treino,maligno,3x64x64
192,LIDC-IDRI-0171_scan172_cluster001,LIDC-IDRI-0171,172,treino,benigno,3x64x64
193,LIDC-IDRI-0171_scan172_cluster002,LIDC-IDRI-0171,172,treino,benigno,3x64x64
194,LIDC-IDRI-0171_scan172_cluster003,LIDC-IDRI-0171,172,treino,benigno,3x64x64
195,LIDC-IDRI-0172_scan173_cluster000,LIDC-IDRI-0172,173,validacao,maligno,3x64x64
196,LIDC-IDRI-0179_scan180_cluster000,LIDC-IDRI-0179,180,treino,maligno,3x64x64
197,LIDC-IDRI-0181_scan182_cluster002,LIDC-IDRI-0181,182,treino,maligno,3x64x64
198,LIDC-IDRI-0181_scan182_cluster003,LIDC-IDRI-0181,182,treino,maligno,3x64x64
199,LIDC-IDRI-0181_scan182_cluster007,LIDC-IDRI-0181,182,treino,maligno,3x64x64
200,LIDC-IDRI-0182_scan183_cluster002,LIDC-IDRI-0182,183,teste,benigno,3x64x64
201,LIDC-IDRI-0183_scan184_cluster001,LIDC-IDRI-0183,184,teste,maligno,3x64x64
202,LIDC-IDRI-0184_scan185_cluster000,LIDC-IDRI-0184,185,treino,benigno,3x64x64
203,LIDC-IDRI-0185_scan186_cluster002,LIDC-IDRI-0185,186,validacao,benigno,3x64x64
204,LIDC-IDRI-0185_scan186_cluster003,LIDC-IDRI-0185,186,validacao,benigno,3x64x64
205,LIDC-IDRI-0185_scan186_cluster005,LIDC-IDRI-0185,186,validacao,benigno,3x64x64
206,LIDC-IDRI-0186_scan187_cluster004,LIDC-IDRI-0186,187,teste,maligno,3x64x64
207,LIDC-IDRI-0187_scan188_cluster003,LIDC-IDRI-0187,188,teste,maligno,3x64x64
208,LIDC-IDRI-0188_scan189_cluster003,LIDC-IDRI-0188,189,validacao,maligno,3x64x64
209,LIDC-IDRI-0188_scan189_cluster004,LIDC-IDRI-0188,189,validacao,benigno,3x64x64
210,LIDC-IDRI-0188_scan189_cluster005,LIDC-IDRI-0188,189,validacao,benigno,3x64x64
211,LIDC-IDRI-0188_scan189_cluster006,LIDC-IDRI-0188,189,validacao,benigno,3x64x64
212,LIDC-IDRI-0190_scan191_cluster000,LIDC-IDRI-0190,191,treino,maligno,3x64x64
213,LIDC-IDRI-0190_scan191_cluster001,LIDC-IDRI-0190,191,treino,maligno,3x64x64
214,LIDC-IDRI-0191_scan192_cluster000,LIDC-IDRI-0191,192,treino,maligno,3x64x64
215,LIDC-IDRI-0193_scan194_cluster000,LIDC-IDRI-0193,194,treino,benigno,3x64x64
216,LIDC-IDRI-0194_scan195_cluster001,LIDC-IDRI-0194,195,treino,maligno,3x64x64
217,LIDC-IDRI-0194_scan195_cluster002,LIDC-IDRI-0194,195,treino,maligno,3x64x64
218,LIDC-IDRI-0195_scan196_cluster000,LIDC-IDRI-0195,196,treino,maligno,3x64x64
219,LIDC-IDRI-0195_scan196_cluster001,LIDC-IDRI-0195,196,treino,maligno,3x64x64
220,LIDC-IDRI-0195_scan196_cluster002,LIDC-IDRI-0195,196,treino,maligno,3x64x64
221,LIDC-IDRI-0195_scan196_cluster003,LIDC-IDRI-0195,196,treino,maligno,3x64x64
222,LIDC-IDRI-0195_scan196_cluster004,LIDC-IDRI-0195,196,treino,maligno,3x64x64
223,LIDC-IDRI-0195_scan196_cluster006,LIDC-IDRI-0195,196,treino,maligno,3x64x64
224,LIDC-IDRI-0196_scan197_cluster000,LIDC-IDRI-0196,197,treino,maligno,3x64x64
225,LIDC-IDRI-0203_scan204_cluster000,LIDC-IDRI-0203,204,treino,benigno,3x64x64
226,LIDC-IDRI-0203_scan204_cluster001,LIDC-IDRI-0203,204,treino,maligno,3x64x64
227,LIDC-IDRI-0204_scan205_cluster000,LIDC-IDRI-0204,205,treino,maligno,3x64x64
228,LIDC-IDRI-0206_scan207_cluster000,LIDC-IDRI-0206,207,treino,benigno,3x64x64
229,LIDC-IDRI-0206_scan207_cluster001,LIDC-IDRI-0206,207,treino,maligno,3x64x64
230,LIDC-IDRI-0208_scan209_cluster000,LIDC-IDRI-0208,209,teste,maligno,3x64x64
231,LIDC-IDRI-0209_scan210_cluster000,LIDC-IDRI-0209,210,treino,maligno,3x64x64
232,LIDC-IDRI-0211_scan212_cluster000,LIDC-IDRI-0211,212,treino,maligno,3x64x64
233,LIDC-IDRI-0212_scan213_cluster000,LIDC-IDRI-0212,213,treino,benigno,3x64x64
234,LIDC-IDRI-0213_scan214_cluster000,LIDC-IDRI-0213,214,treino,benigno,3x64x64
235,LIDC-IDRI-0215_scan216_cluster002,LIDC-IDRI-0215,216,treino,benigno,3x64x64
236,LIDC-IDRI-0215_scan216_cluster003,LIDC-IDRI-0215,216,treino,benigno,3x64x64
237,LIDC-IDRI-0216_scan217_cluster001,LIDC-IDRI-0216,217,treino,benigno,3x64x64
238,LIDC-IDRI-0217_scan218_cluster000,LIDC-IDRI-0217,218,validacao,maligno,3x64x64
239,LIDC-IDRI-0217_scan218_cluster001,LIDC-IDRI-0217,218,validacao,maligno,3x64x64
240,LIDC-IDRI-0217_scan218_cluster002,LIDC-IDRI-0217,218,validacao,maligno,3x64x64
241,LIDC-IDRI-0219_scan220_cluster000,LIDC-IDRI-0219,220,treino,maligno,3x64x64
242,LIDC-IDRI-0220_scan221_cluster000,LIDC-IDRI-0220,221,teste,maligno,3x64x64
243,LIDC-IDRI-0220_scan221_cluster001,LIDC-IDRI-0220,221,teste,maligno,3x64x64
244,LIDC-IDRI-0220_scan221_cluster002,LIDC-IDRI-0220,221,teste,maligno,3x64x64
245,LIDC-IDRI-0221_scan222_cluster000,LIDC-IDRI-0221,222,treino,maligno,3x64x64
246,LIDC-IDRI-0222_scan223_cluster000,LIDC-IDRI-0222,223,treino,benigno,3x64x64
247,LIDC-IDRI-0223_scan224_cluster000,LIDC-IDRI-0223,224,treino,maligno,3x64x64
248,LIDC-IDRI-0223_scan224_cluster002,LIDC-IDRI-0223,224,treino,maligno,3x64x64
249,LIDC-IDRI-0228_scan229_cluster000,LIDC-IDRI-0228,229,treino,maligno,3x64x64
250,LIDC-IDRI-0229_scan230_cluster001,LIDC-IDRI-0229,230,treino,maligno,3x64x64
251,LIDC-IDRI-0229_scan230_cluster002,LIDC-IDRI-0229,230,treino,maligno,3x64x64
252,LIDC-IDRI-0229_scan230_cluster003,LIDC-IDRI-0229,230,treino,maligno,3x64x64
253,LIDC-IDRI-0229_scan230_cluster006,LIDC-IDRI-0229,230,treino,maligno,3x64x64
254,LIDC-IDRI-0235_scan236_cluster001,LIDC-IDRI-0235,236,treino,benigno,3x64x64
255,LIDC-IDRI-0236_scan237_cluster000,LIDC-IDRI-0236,237,treino,benigno,3x64x64
256,LIDC-IDRI-0237_scan238_cluster001,LIDC-IDRI-0237,238,treino,benigno,3x64x64
257,LIDC-IDRI-0237_scan238_cluster002,LIDC-IDRI-0237,238,treino,maligno,3x64x64
258,LIDC-IDRI-0240_scan240_cluster004,LIDC-IDRI-0240,240,treino,maligno,3x64x64
259,LIDC-IDRI-0241_scan241_cluster003,LIDC-IDRI-0241,241,validacao,benigno,3x64x64
260,LIDC-IDRI-0241_scan241_cluster004,LIDC-IDRI-0241,241,validacao,benigno,3x64x64
261,LIDC-IDRI-0242_scan242_cluster000,LIDC-IDRI-0242,242,validacao,maligno,3x64x64
262,LIDC-IDRI-0244_scan244_cluster000,LIDC-IDRI-0244,244,treino,benigno,3x64x64
263,LIDC-IDRI-0244_scan244_cluster001,LIDC-IDRI-0244,244,treino,benigno,3x64x64
264,LIDC-IDRI-0244_scan244_cluster002,LIDC-IDRI-0244,244,treino,maligno,3x64x64
265,LIDC-IDRI-0246_scan246_cluster000,LIDC-IDRI-0246,246,validacao,benigno,3x64x64
266,LIDC-IDRI-0248_scan248_cluster000,LIDC-IDRI-0248,248,validacao,benigno,3x64x64
267,LIDC-IDRI-0249_scan249_cluster000,LIDC-IDRI-0249,249,teste,maligno,3x64x64
268,LIDC-IDRI-0249_scan249_cluster001,LIDC-IDRI-0249,249,teste,maligno,3x64x64
269,LIDC-IDRI-0250_scan250_cluster000,LIDC-IDRI-0250,250,treino,maligno,3x64x64
270,LIDC-IDRI-0250_scan250_cluster001,LIDC-IDRI-0250,250,treino,maligno,3x64x64
271,LIDC-IDRI-0252_scan252_cluster000,LIDC-IDRI-0252,252,treino,maligno,3x64x64
272,LIDC-IDRI-0254_scan254_cluster002,LIDC-IDRI-0254,254,treino,benigno,3x64x64
273,LIDC-IDRI-0255_scan255_cluster000,LIDC-IDRI-0255,255,treino,benigno,3x64x64
274,LIDC-IDRI-0255_scan255_cluster001,LIDC-IDRI-0255,255,treino,benigno,3x64x64
275,LIDC-IDRI-0256_scan256_cluster000,LIDC-IDRI-0256,256,teste,benigno,3x64x64
276,LIDC-IDRI-0257_scan257_cluster000,LIDC-IDRI-0257,257,validacao,maligno,3x64x64
277,LIDC-IDRI-0259_scan259_cluster000,LIDC-IDRI-0259,259,treino,maligno,3x64x64
278,LIDC-IDRI-0260_scan260_cluster000,LIDC-IDRI-0260,260,treino,maligno,3x64x64
279,LIDC-IDRI-0260_scan260_cluster002,LIDC-IDRI-0260,260,treino,maligno,3x64x64
280,LIDC-IDRI-0262_scan262_cluster000,LIDC-IDRI-0262,262,treino,maligno,3x64x64
281,LIDC-IDRI-0263_scan263_cluster000,LIDC-IDRI-0263,263,treino,benigno,3x64x64
282,LIDC-IDRI-0264_scan264_cluster000,LIDC-IDRI-0264,264,treino,benigno,3x64x64
283,LIDC-IDRI-0264_scan264_cluster001,LIDC-IDRI-0264,264,treino,maligno,3x64x64
284,LIDC-IDRI-0265_scan265_cluster000,LIDC-IDRI-0265,265,treino,maligno,3x64x64
285,LIDC-IDRI-0267_scan267_cluster000,LIDC-IDRI-0267,267,teste,maligno,3x64x64
286,LIDC-IDRI-0270_scan270_cluster000,LIDC-IDRI-0270,270,treino,benigno,3x64x64
287,LIDC-IDRI-0271_scan271_cluster000,LIDC-IDRI-0271,271,validacao,benigno,3x64x64
288,LIDC-IDRI-0272_scan272_cluster000,LIDC-IDRI-0272,272,validacao,benigno,3x64x64
289,LIDC-IDRI-0273_scan273_cluster001,LIDC-IDRI-0273,273,validacao,benigno,3x64x64
290,LIDC-IDRI-0276_scan276_cluster000,LIDC-IDRI-0276,276,treino,maligno,3x64x64
291,LIDC-IDRI-0277_scan277_cluster000,LIDC-IDRI-0277,277,treino,maligno,3x64x64
292,LIDC-IDRI-0281_scan281_cluster000,LIDC-IDRI-0281,281,treino,benigno,3x64x64
293,LIDC-IDRI-0284_scan284_cluster002,LIDC-IDRI-0284,284,treino,benigno,3x64x64
294,LIDC-IDRI-0285_scan285_cluster000,LIDC-IDRI-0285,285,teste,benigno,3x64x64
295,LIDC-IDRI-0286_scan286_cluster000,LIDC-IDRI-0286,286,treino,benigno,3x64x64
296,LIDC-IDRI-0286_scan286_cluster001,LIDC-IDRI-0286,286,treino,benigno,3x64x64
297,LIDC-IDRI-0287_scan287_cluster000,LIDC-IDRI-0287,287,teste,benigno,3x64x64
298,LIDC-IDRI-0289_scan289_cluster000,LIDC-IDRI-0289,289,validacao,benigno,3x64x64
299,LIDC-IDRI-0289_scan289_cluster001,LIDC-IDRI-0289,289,validacao,benigno,3x64x64
300,LIDC-IDRI-0292_scan292_cluster000,LIDC-IDRI-0292,292,treino,benigno,3x64x64
301,LIDC-IDRI-0294_scan294_cluster001,LIDC-IDRI-0294,294,validacao,maligno,3x64x64
302,LIDC-IDRI-0298_scan298_cluster002,LIDC-IDRI-0298,298,treino,benigno,3x64x64
303,LIDC-IDRI-0298_scan298_cluster003,LIDC-IDRI-0298,298,treino,benigno,3x64x64
304,LIDC-IDRI-0298_scan298_cluster005,LIDC-IDRI-0298,298,treino,benigno,3x64x64
305,LIDC-IDRI-0298_scan298_cluster006,LIDC-IDRI-0298,298,treino,benigno,3x64x64
306,LIDC-IDRI-0299_scan299_cluster001,LIDC-IDRI-0299,299,treino,benigno,3x64x64
307,LIDC-IDRI-0300_scan300_cluster000,LIDC-IDRI-0300,300,treino,benigno,3x64x64
308,LIDC-IDRI-0300_scan300_cluster001,LIDC-IDRI-0300,300,treino,benigno,3x64x64
309,LIDC-IDRI-0300_scan300_cluster003,LIDC-IDRI-0300,300,treino,benigno,3x64x64
310,LIDC-IDRI-0304_scan304_cluster000,LIDC-IDRI-0304,304,treino,maligno,3x64x64
311,LIDC-IDRI-0305_scan305_cluster007,LIDC-IDRI-0305,305,teste,maligno,3x64x64
312,LIDC-IDRI-0309_scan309_cluster001,LIDC-IDRI-0309,309,treino,maligno,3x64x64
313,LIDC-IDRI-0311_scan311_cluster001,LIDC-IDRI-0311,311,treino,maligno,3x64x64
314,LIDC-IDRI-0312_scan312_cluster000,LIDC-IDRI-0312,312,treino,maligno,3x64x64
315,LIDC-IDRI-0312_scan312_cluster001,LIDC-IDRI-0312,312,treino,maligno,3x64x64
316,LIDC-IDRI-0312_scan312_cluster002,LIDC-IDRI-0312,312,treino,maligno,3x64x64
317,LIDC-IDRI-0313_scan313_cluster000,LIDC-IDRI-0313,313,teste,maligno,3x64x64
318,LIDC-IDRI-0314_scan314_cluster000,LIDC-IDRI-0314,314,teste,maligno,3x64x64
319,LIDC-IDRI-0318_scan319_cluster000,LIDC-IDRI-0318,319,teste,benigno,3x64x64
320,LIDC-IDRI-0321_scan322_cluster001,LIDC-IDRI-0321,322,treino,benigno,3x64x64
321,LIDC-IDRI-0321_scan322_cluster002,LIDC-IDRI-0321,322,treino,benigno,3x64x64
322,LIDC-IDRI-0325_scan326_cluster000,LIDC-IDRI-0325,326,validacao,maligno,3x64x64
323,LIDC-IDRI-0326_scan327_cluster000,LIDC-IDRI-0326,327,validacao,maligno,3x64x64
324,LIDC-IDRI-0332_scan333_cluster000,LIDC-IDRI-0332,333,treino,maligno,3x64x64
325,LIDC-IDRI-0341_scan343_cluster001,LIDC-IDRI-0341,343,treino,benigno,3x64x64
326,LIDC-IDRI-0343_scan345_cluster000,LIDC-IDRI-0343,345,validacao,benigno,3x64x64
327,LIDC-IDRI-0344_scan346_cluster001,LIDC-IDRI-0344,346,treino,benigno,3x64x64
328,LIDC-IDRI-0345_scan347_cluster001,LIDC-IDRI-0345,347,treino,benigno,3x64x64
329,LIDC-IDRI-0348_scan350_cluster001,LIDC-IDRI-0348,350,treino,maligno,3x64x64
330,LIDC-IDRI-0353_scan355_cluster000,LIDC-IDRI-0353,355,treino,benigno,3x64x64
331,LIDC-IDRI-0353_scan355_cluster001,LIDC-IDRI-0353,355,treino,benigno,3x64x64
332,LIDC-IDRI-0353_scan355_cluster002,LIDC-IDRI-0353,355,treino,maligno,3x64x64
333,LIDC-IDRI-0356_scan359_cluster002,LIDC-IDRI-0356,359,treino,benigno,3x64x64
334,LIDC-IDRI-0358_scan361_cluster005,LIDC-IDRI-0358,361,validacao,benigno,3x64x64
335,LIDC-IDRI-0362_scan365_cluster001,LIDC-IDRI-0362,365,treino,maligno,3x64x64
336,LIDC-IDRI-0363_scan366_cluster000,LIDC-IDRI-0363,366,treino,benigno,3x64x64
337,LIDC-IDRI-0369_scan373_cluster000,LIDC-IDRI-0369,373,treino,benigno,3x64x64
338,LIDC-IDRI-0371_scan375_cluster000,LIDC-IDRI-0371,375,treino,benigno,3x64x64
339,LIDC-IDRI-0375_scan379_cluster000,LIDC-IDRI-0375,379,treino,benigno,3x64x64
340,LIDC-IDRI-0375_scan379_cluster001,LIDC-IDRI-0375,379,treino,maligno,3x64x64
341,LIDC-IDRI-0376_scan380_cluster000,LIDC-IDRI-0376,380,treino,benigno,3x64x64
342,LIDC-IDRI-0377_scan381_cluster000,LIDC-IDRI-0377,381,treino,maligno,3x64x64
343,LIDC-IDRI-0380_scan384_cluster000,LIDC-IDRI-0380,384,treino,benigno,3x64x64
344,LIDC-IDRI-0380_scan384_cluster001,LIDC-IDRI-0380,384,treino,benigno,3x64x64
345,LIDC-IDRI-0385_scan389_cluster000,LIDC-IDRI-0385,389,validacao,maligno,3x64x64
346,LIDC-IDRI-0386_scan390_cluster003,LIDC-IDRI-0386,390,teste,benigno,3x64x64
347,LIDC-IDRI-0398_scan402_cluster010,LIDC-IDRI-0398,402,validacao,maligno,3x64x64
348,LIDC-IDRI-0399_scan403_cluster000,LIDC-IDRI-0399,403,treino,benigno,3x64x64
349,LIDC-IDRI-0400_scan404_cluster002,LIDC-IDRI-0400,404,validacao,maligno,3x64x64
350,LIDC-IDRI-0402_scan406_cluster005,LIDC-IDRI-0402,406,treino,benigno,3x64x64
351,LIDC-IDRI-0402_scan406_cluster009,LIDC-IDRI-0402,406,treino,maligno,3x64x64
352,LIDC-IDRI-0403_scan407_cluster000,LIDC-IDRI-0403,407,treino,benigno,3x64x64
353,LIDC-IDRI-0404_scan408_cluster000,LIDC-IDRI-0404,408,treino,maligno,3x64x64
354,LIDC-IDRI-0404_scan408_cluster003,LIDC-IDRI-0404,408,treino,maligno,3x64x64
355,LIDC-IDRI-0407_scan411_cluster001,LIDC-IDRI-0407,411,validacao,maligno,3x64x64
356,LIDC-IDRI-0407_scan411_cluster002,LIDC-IDRI-0407,411,validacao,benigno,3x64x64
357,LIDC-IDRI-0409_scan413_cluster000,LIDC-IDRI-0409,413,teste,benigno,3x64x64
358,LIDC-IDRI-0411_scan415_cluster002,LIDC-IDRI-0411,415,treino,benigno,3x64x64
359,LIDC-IDRI-0412_scan416_cluster002,LIDC-IDRI-0412,416,validacao,benigno,3x64x64
360,LIDC-IDRI-0413_scan417_cluster000,LIDC-IDRI-0413,417,validacao,benigno,3x64x64
361,LIDC-IDRI-0413_scan417_cluster001,LIDC-IDRI-0413,417,validacao,benigno,3x64x64
362,LIDC-IDRI-0415_scan419_cluster002,LIDC-IDRI-0415,419,treino,maligno,3x64x64
363,LIDC-IDRI-0415_scan419_cluster006,LIDC-IDRI-0415,419,treino,maligno,3x64x64
364,LIDC-IDRI-0419_scan423_cluster000,LIDC-IDRI-0419,423,treino,benigno,3x64x64
365,LIDC-IDRI-0419_scan423_cluster001,LIDC-IDRI-0419,423,treino,benigno,3x64x64
366,LIDC-IDRI-0420_scan424_cluster000,LIDC-IDRI-0420,424,treino,maligno,3x64x64
367,LIDC-IDRI-0423_scan427_cluster000,LIDC-IDRI-0423,427,treino,maligno,3x64x64
368,LIDC-IDRI-0424_scan428_cluster002,LIDC-IDRI-0424,428,treino,maligno,3x64x64
369,LIDC-IDRI-0427_scan431_cluster000,LIDC-IDRI-0427,431,teste,benigno,3x64x64
370,LIDC-IDRI-0427_scan431_cluster001,LIDC-IDRI-0427,431,teste,benigno,3x64x64
371,LIDC-IDRI-0427_scan431_cluster003,LIDC-IDRI-0427,431,teste,benigno,3x64x64
372,LIDC-IDRI-0430_scan434_cluster001,LIDC-IDRI-0430,434,treino,benigno,3x64x64
373,LIDC-IDRI-0433_scan437_cluster002,LIDC-IDRI-0433,437,treino,benigno,3x64x64
374,LIDC-IDRI-0434_scan438_cluster002,LIDC-IDRI-0434,438,teste,benigno,3x64x64
375,LIDC-IDRI-0437_scan441_cluster000,LIDC-IDRI-0437,441,treino,benigno,3x64x64
376,LIDC-IDRI-0437_scan441_cluster002,LIDC-IDRI-0437,441,treino,benigno,3x64x64
377,LIDC-IDRI-0437_scan441_cluster003,LIDC-IDRI-0437,441,treino,benigno,3x64x64
378,LIDC-IDRI-0440_scan444_cluster001,LIDC-IDRI-0440,444,treino,benigno,3x64x64
379,LIDC-IDRI-0443_scan448_cluster000,LIDC-IDRI-0443,448,teste,benigno,3x64x64
380,LIDC-IDRI-0445_scan450_cluster001,LIDC-IDRI-0445,450,validacao,maligno,3x64x64
381,LIDC-IDRI-0447_scan452_cluster001,LIDC-IDRI-0447,452,treino,maligno,3x64x64
382,LIDC-IDRI-0448_scan453_cluster001,LIDC-IDRI-0448,453,teste,maligno,3x64x64
383,LIDC-IDRI-0450_scan455_cluster002,LIDC-IDRI-0450,455,treino,benigno,3x64x64
384,LIDC-IDRI-0450_scan455_cluster006,LIDC-IDRI-0450,455,treino,maligno,3x64x64
385,LIDC-IDRI-0450_scan455_cluster007,LIDC-IDRI-0450,455,treino,maligno,3x64x64
386,LIDC-IDRI-0451_scan456_cluster000,LIDC-IDRI-0451,456,treino,maligno,3x64x64
387,LIDC-IDRI-0453_scan458_cluster000,LIDC-IDRI-0453,458,teste,maligno,3x64x64
388,LIDC-IDRI-0454_scan459_cluster000,LIDC-IDRI-0454,459,treino,benigno,3x64x64
389,LIDC-IDRI-0454_scan459_cluster003,LIDC-IDRI-0454,459,treino,maligno,3x64x64
390,LIDC-IDRI-0454_scan459_cluster005,LIDC-IDRI-0454,459,treino,benigno,3x64x64
391,LIDC-IDRI-0454_scan459_cluster006,LIDC-IDRI-0454,459,treino,maligno,3x64x64
392,LIDC-IDRI-0456_scan461_cluster000,LIDC-IDRI-0456,461,treino,benigno,3x64x64
393,LIDC-IDRI-0456_scan461_cluster002,LIDC-IDRI-0456,461,treino,benigno,3x64x64
394,LIDC-IDRI-0461_scan466_cluster005,LIDC-IDRI-0461,466,validacao,benigno,3x64x64
395,LIDC-IDRI-0462_scan467_cluster001,LIDC-IDRI-0462,467,validacao,maligno,3x64x64
396,LIDC-IDRI-0462_scan467_cluster002,LIDC-IDRI-0462,467,validacao,benigno,3x64x64
397,LIDC-IDRI-0463_scan468_cluster000,LIDC-IDRI-0463,468,teste,benigno,3x64x64
398,LIDC-IDRI-0463_scan468_cluster001,LIDC-IDRI-0463,468,teste,benigno,3x64x64
399,LIDC-IDRI-0464_scan469_cluster002,LIDC-IDRI-0464,469,treino,maligno,3x64x64
400,LIDC-IDRI-0466_scan471_cluster000,LIDC-IDRI-0466,471,treino,benigno,3x64x64
401,LIDC-IDRI-0466_scan471_cluster001,LIDC-IDRI-0466,471,treino,maligno,3x64x64
402,LIDC-IDRI-0466_scan471_cluster002,LIDC-IDRI-0466,471,treino,maligno,3x64x64
403,LIDC-IDRI-0467_scan472_cluster000,LIDC-IDRI-0467,472,treino,benigno,3x64x64
404,LIDC-IDRI-0469_scan474_cluster000,LIDC-IDRI-0469,474,treino,benigno,3x64x64
405,LIDC-IDRI-0470_scan475_cluster001,LIDC-IDRI-0470,475,treino,maligno,3x64x64
406,LIDC-IDRI-0473_scan478_cluster000,LIDC-IDRI-0473,478,treino,benigno,3x64x64
407,LIDC-IDRI-0473_scan478_cluster001,LIDC-IDRI-0473,478,treino,benigno,3x64x64
408,LIDC-IDRI-0473_scan478_cluster003,LIDC-IDRI-0473,478,treino,benigno,3x64x64
409,LIDC-IDRI-0476_scan481_cluster001,LIDC-IDRI-0476,481,validacao,maligno,3x64x64
410,LIDC-IDRI-0476_scan481_cluster002,LIDC-IDRI-0476,481,validacao,maligno,3x64x64
411,LIDC-IDRI-0476_scan481_cluster003,LIDC-IDRI-0476,481,validacao,benigno,3x64x64
412,LIDC-IDRI-0476_scan481_cluster004,LIDC-IDRI-0476,481,validacao,maligno,3x64x64
413,LIDC-IDRI-0476_scan481_cluster005,LIDC-IDRI-0476,481,validacao,benigno,3x64x64
414,LIDC-IDRI-0477_scan482_cluster001,LIDC-IDRI-0477,482,teste,benigno,3x64x64
415,LIDC-IDRI-0481_scan486_cluster000,LIDC-IDRI-0481,486,treino,benigno,3x64x64
416,LIDC-IDRI-0481_scan486_cluster001,LIDC-IDRI-0481,486,treino,benigno,3x64x64
417,LIDC-IDRI-0481_scan486_cluster002,LIDC-IDRI-0481,486,treino,benigno,3x64x64
418,LIDC-IDRI-0481_scan486_cluster003,LIDC-IDRI-0481,486,treino,maligno,3x64x64
419,LIDC-IDRI-0481_scan486_cluster006,LIDC-IDRI-0481,486,treino,maligno,3x64x64
420,LIDC-IDRI-0485_scan491_cluster001,LIDC-IDRI-0485,491,treino,benigno,3x64x64
421,LIDC-IDRI-0486_scan492_cluster000,LIDC-IDRI-0486,492,treino,benigno,3x64x64
422,LIDC-IDRI-0487_scan493_cluster005,LIDC-IDRI-0487,493,validacao,benigno,3x64x64
423,LIDC-IDRI-0488_scan494_cluster000,LIDC-IDRI-0488,494,treino,benigno,3x64x64
424,LIDC-IDRI-0489_scan495_cluster000,LIDC-IDRI-0489,495,treino,maligno,3x64x64
425,LIDC-IDRI-0489_scan495_cluster002,LIDC-IDRI-0489,495,treino,maligno,3x64x64
426,LIDC-IDRI-0489_scan495_cluster006,LIDC-IDRI-0489,495,treino,maligno,3x64x64
427,LIDC-IDRI-0490_scan496_cluster000,LIDC-IDRI-0490,496,treino,maligno,3x64x64
428,LIDC-IDRI-0491_scan497_cluster000,LIDC-IDRI-0491,497,treino,benigno,3x64x64
429,LIDC-IDRI-0491_scan497_cluster003,LIDC-IDRI-0491,497,treino,benigno,3x64x64
430,LIDC-IDRI-0491_scan497_cluster007,LIDC-IDRI-0491,497,treino,benigno,3x64x64
431,LIDC-IDRI-0491_scan497_cluster008,LIDC-IDRI-0491,497,treino,benigno,3x64x64
432,LIDC-IDRI-0492_scan498_cluster001,LIDC-IDRI-0492,498,treino,benigno,3x64x64
433,LIDC-IDRI-0493_scan499_cluster000,LIDC-IDRI-0493,499,treino,benigno,3x64x64
434,LIDC-IDRI-0493_scan499_cluster001,LIDC-IDRI-0493,499,treino,maligno,3x64x64
435,LIDC-IDRI-0496_scan502_cluster001,LIDC-IDRI-0496,502,treino,benigno,3x64x64
436,LIDC-IDRI-0497_scan503_cluster000,LIDC-IDRI-0497,503,treino,maligno,3x64x64
437,LIDC-IDRI-0507_scan513_cluster000,LIDC-IDRI-0507,513,validacao,maligno,3x64x64
438,LIDC-IDRI-0507_scan513_cluster002,LIDC-IDRI-0507,513,validacao,maligno,3x64x64
439,LIDC-IDRI-0508_scan514_cluster000,LIDC-IDRI-0508,514,treino,maligno,3x64x64
440,LIDC-IDRI-0510_scan516_cluster000,LIDC-IDRI-0510,516,treino,maligno,3x64x64
441,LIDC-IDRI-0515_scan521_cluster000,LIDC-IDRI-0515,521,treino,maligno,3x64x64
442,LIDC-IDRI-0521_scan527_cluster000,LIDC-IDRI-0521,527,treino,maligno,3x64x64
443,LIDC-IDRI-0523_scan529_cluster004,LIDC-IDRI-0523,529,treino,benigno,3x64x64
444,LIDC-IDRI-0524_scan530_cluster000,LIDC-IDRI-0524,530,treino,benigno,3x64x64
445,LIDC-IDRI-0525_scan531_cluster002,LIDC-IDRI-0525,531,treino,maligno,3x64x64
446,LIDC-IDRI-0529_scan535_cluster003,LIDC-IDRI-0529,535,treino,benigno,3x64x64
447,LIDC-IDRI-0530_scan536_cluster000,LIDC-IDRI-0530,536,teste,benigno,3x64x64
448,LIDC-IDRI-0535_scan541_cluster001,LIDC-IDRI-0535,541,treino,benigno,3x64x64
449,LIDC-IDRI-0537_scan543_cluster000,LIDC-IDRI-0537,543,teste,benigno,3x64x64
450,LIDC-IDRI-0542_scan548_cluster002,LIDC-IDRI-0542,548,teste,benigno,3x64x64
451,LIDC-IDRI-0543_scan549_cluster001,LIDC-IDRI-0543,549,treino,maligno,3x64x64
452,LIDC-IDRI-0546_scan552_cluster000,LIDC-IDRI-0546,552,treino,maligno,3x64x64
453,LIDC-IDRI-0547_scan553_cluster001,LIDC-IDRI-0547,553,teste,benigno,3x64x64
454,LIDC-IDRI-0549_scan555_cluster004,LIDC-IDRI-0549,555,treino,benigno,3x64x64
455,LIDC-IDRI-0549_scan555_cluster005,LIDC-IDRI-0549,555,treino,benigno,3x64x64
456,LIDC-IDRI-0552_scan558_cluster000,LIDC-IDRI-0552,558,treino,maligno,3x64x64
457,LIDC-IDRI-0559_scan565_cluster000,LIDC-IDRI-0559,565,treino,benigno,3x64x64
458,LIDC-IDRI-0562_scan568_cluster001,LIDC-IDRI-0562,568,treino,maligno,3x64x64
459,LIDC-IDRI-0565_scan571_cluster000,LIDC-IDRI-0565,571,validacao,benigno,3x64x64
460,LIDC-IDRI-0565_scan571_cluster001,LIDC-IDRI-0565,571,validacao,benigno,3x64x64
461,LIDC-IDRI-0565_scan571_cluster003,LIDC-IDRI-0565,571,validacao,benigno,3x64x64
462,LIDC-IDRI-0565_scan571_cluster004,LIDC-IDRI-0565,571,validacao,maligno,3x64x64
463,LIDC-IDRI-0566_scan572_cluster000,LIDC-IDRI-0566,572,treino,benigno,3x64x64
464,LIDC-IDRI-0568_scan574_cluster001,LIDC-IDRI-0568,574,treino,benigno,3x64x64
465,LIDC-IDRI-0568_scan574_cluster002,LIDC-IDRI-0568,574,treino,benigno,3x64x64
466,LIDC-IDRI-0569_scan575_cluster002,LIDC-IDRI-0569,575,validacao,benigno,3x64x64
467,LIDC-IDRI-0572_scan578_cluster000,LIDC-IDRI-0572,578,treino,benigno,3x64x64
468,LIDC-IDRI-0576_scan582_cluster002,LIDC-IDRI-0576,582,validacao,maligno,3x64x64
469,LIDC-IDRI-0578_scan584_cluster000,LIDC-IDRI-0578,584,validacao,benigno,3x64x64
470,LIDC-IDRI-0579_scan585_cluster000,LIDC-IDRI-0579,585,validacao,benigno,3x64x64
471,LIDC-IDRI-0582_scan588_cluster001,LIDC-IDRI-0582,588,teste,benigno,3x64x64
472,LIDC-IDRI-0582_scan588_cluster003,LIDC-IDRI-0582,588,teste,benigno,3x64x64
473,LIDC-IDRI-0582_scan588_cluster005,LIDC-IDRI-0582,588,teste,benigno,3x64x64
474,LIDC-IDRI-0583_scan589_cluster013,LIDC-IDRI-0583,589,teste,benigno,3x64x64
475,LIDC-IDRI-0583_scan589_cluster019,LIDC-IDRI-0583,589,teste,maligno,3x64x64
476,LIDC-IDRI-0586_scan591_cluster000,LIDC-IDRI-0586,591,teste,benigno,3x64x64
477,LIDC-IDRI-0586_scan591_cluster001,LIDC-IDRI-0586,591,teste,benigno,3x64x64
478,LIDC-IDRI-0587_scan592_cluster000,LIDC-IDRI-0587,592,teste,maligno,3x64x64
479,LIDC-IDRI-0587_scan592_cluster004,LIDC-IDRI-0587,592,teste,maligno,3x64x64
480,LIDC-IDRI-0590_scan595_cluster000,LIDC-IDRI-0590,595,treino,maligno,3x64x64
481,LIDC-IDRI-0598_scan603_cluster000,LIDC-IDRI-0598,603,treino,benigno,3x64x64
482,LIDC-IDRI-0601_scan606_cluster000,LIDC-IDRI-0601,606,treino,benigno,3x64x64
483,LIDC-IDRI-0601_scan606_cluster001,LIDC-IDRI-0601,606,treino,benigno,3x64x64
484,LIDC-IDRI-0601_scan606_cluster003,LIDC-IDRI-0601,606,treino,maligno,3x64x64
485,LIDC-IDRI-0601_scan606_cluster004,LIDC-IDRI-0601,606,treino,benigno,3x64x64
486,LIDC-IDRI-0602_scan607_cluster001,LIDC-IDRI-0602,607,treino,benigno,3x64x64
487,LIDC-IDRI-0602_scan607_cluster003,LIDC-IDRI-0602,607,treino,benigno,3x64x64
488,LIDC-IDRI-0604_scan609_cluster001,LIDC-IDRI-0604,609,validacao,benigno,3x64x64
489,LIDC-IDRI-0604_scan609_cluster002,LIDC-IDRI-0604,609,validacao,benigno,3x64x64
490,LIDC-IDRI-0604_scan609_cluster004,LIDC-IDRI-0604,609,validacao,benigno,3x64x64
491,LIDC-IDRI-0605_scan610_cluster000,LIDC-IDRI-0605,610,treino,benigno,3x64x64
492,LIDC-IDRI-0605_scan610_cluster001,LIDC-IDRI-0605,610,treino,benigno,3x64x64
493,LIDC-IDRI-0605_scan610_cluster002,LIDC-IDRI-0605,610,treino,benigno,3x64x64
494,LIDC-IDRI-0605_scan610_cluster003,LIDC-IDRI-0605,610,treino,benigno,3x64x64
495,LIDC-IDRI-0606_scan611_cluster000,LIDC-IDRI-0606,611,validacao,maligno,3x64x64
496,LIDC-IDRI-0608_scan613_cluster000,LIDC-IDRI-0608,613,treino,maligno,3x64x64
497,LIDC-IDRI-0608_scan613_cluster001,LIDC-IDRI-0608,613,treino,benigno,3x64x64
498,LIDC-IDRI-0608_scan613_cluster005,LIDC-IDRI-0608,613,treino,maligno,3x64x64
499,LIDC-IDRI-0610_scan615_cluster001,LIDC-IDRI-0610,615,teste,maligno,3x64x64
500,LIDC-IDRI-0613_scan618_cluster000,LIDC-IDRI-0613,618,teste,benigno,3x64x64
501,LIDC-IDRI-0614_scan619_cluster002,LIDC-IDRI-0614,619,treino,maligno,3x64x64
502,LIDC-IDRI-0615_scan620_cluster000,LIDC-IDRI-0615,620,validacao,benigno,3x64x64
503,LIDC-IDRI-0615_scan620_cluster001,LIDC-IDRI-0615,620,validacao,benigno,3x64x64
504,LIDC-IDRI-0617_scan622_cluster001,LIDC-IDRI-0617,622,treino,maligno,3x64x64
505,LIDC-IDRI-0617_scan622_cluster002,LIDC-IDRI-0617,622,treino,maligno,3x64x64
506,LIDC-IDRI-0619_scan624_cluster000,LIDC-IDRI-0619,624,treino,maligno,3x64x64
507,LIDC-IDRI-0619_scan624_cluster001,LIDC-IDRI-0619,624,treino,maligno,3x64x64
508,LIDC-IDRI-0620_scan625_cluster000,LIDC-IDRI-0620,625,treino,maligno,3x64x64
509,LIDC-IDRI-0620_scan625_cluster001,LIDC-IDRI-0620,625,treino,benigno,3x64x64
510,LIDC-IDRI-0624_scan629_cluster003,LIDC-IDRI-0624,629,treino,maligno,3x64x64
511,LIDC-IDRI-0625_scan630_cluster000,LIDC-IDRI-0625,630,treino,maligno,3x64x64
512,LIDC-IDRI-0626_scan631_cluster000,LIDC-IDRI-0626,631,treino,benigno,3x64x64
513,LIDC-IDRI-0636_scan641_cluster003,LIDC-IDRI-0636,641,validacao,benigno,3x64x64
514,LIDC-IDRI-0636_scan641_cluster004,LIDC-IDRI-0636,641,validacao,maligno,3x64x64
515,LIDC-IDRI-0637_scan642_cluster000,LIDC-IDRI-0637,642,treino,benigno,3x64x64
516,LIDC-IDRI-0637_scan642_cluster001,LIDC-IDRI-0637,642,treino,benigno,3x64x64
517,LIDC-IDRI-0637_scan642_cluster005,LIDC-IDRI-0637,642,treino,benigno,3x64x64
518,LIDC-IDRI-1012_scan643_cluster000,LIDC-IDRI-1012,643,treino,benigno,3x64x64
519,LIDC-IDRI-1011_scan644_cluster000,LIDC-IDRI-1011,644,treino,maligno,3x64x64
520,LIDC-IDRI-1011_scan644_cluster001,LIDC-IDRI-1011,644,treino,maligno,3x64x64
521,LIDC-IDRI-1011_scan644_cluster002,LIDC-IDRI-1011,644,treino,maligno,3x64x64
522,LIDC-IDRI-1010_scan645_cluster000,LIDC-IDRI-1010,645,teste,benigno,3x64x64
523,LIDC-IDRI-1007_scan648_cluster000,LIDC-IDRI-1007,648,treino,benigno,3x64x64
524,LIDC-IDRI-1007_scan648_cluster001,LIDC-IDRI-1007,648,treino,maligno,3x64x64
525,LIDC-IDRI-1005_scan650_cluster005,LIDC-IDRI-1005,650,validacao,benigno,3x64x64
526,LIDC-IDRI-1004_scan651_cluster000,LIDC-IDRI-1004,651,treino,benigno,3x64x64
527,LIDC-IDRI-1004_scan651_cluster002,LIDC-IDRI-1004,651,treino,maligno,3x64x64
528,LIDC-IDRI-1003_scan652_cluster001,LIDC-IDRI-1003,652,treino,benigno,3x64x64
529,LIDC-IDRI-1003_scan652_cluster002,LIDC-IDRI-1003,652,treino,benigno,3x64x64
530,LIDC-IDRI-1003_scan652_cluster004,LIDC-IDRI-1003,652,treino,maligno,3x64x64
531,LIDC-IDRI-1003_scan652_cluster005,LIDC-IDRI-1003,652,treino,benigno,3x64x64
532,LIDC-IDRI-1002_scan653_cluster000,LIDC-IDRI-1002,653,teste,maligno,3x64x64
533,LIDC-IDRI-1002_scan653_cluster001,LIDC-IDRI-1002,653,teste,maligno,3x64x64
534,LIDC-IDRI-1002_scan653_cluster002,LIDC-IDRI-1002,653,teste,maligno,3x64x64
535,LIDC-IDRI-1002_scan653_cluster003,LIDC-IDRI-1002,653,teste,maligno,3x64x64
536,LIDC-IDRI-0999_scan656_cluster003,LIDC-IDRI-0999,656,treino,benigno,3x64x64
537,LIDC-IDRI-0997_scan658_cluster002,LIDC-IDRI-0997,658,treino,benigno,3x64x64
538,LIDC-IDRI-0997_scan658_cluster003,LIDC-IDRI-0997,658,treino,benigno,3x64x64
539,LIDC-IDRI-0994_scan661_cluster004,LIDC-IDRI-0994,661,treino,maligno,3x64x64
540,LIDC-IDRI-0987_scan668_cluster000,LIDC-IDRI-0987,668,teste,benigno,3x64x64
541,LIDC-IDRI-0987_scan668_cluster002,LIDC-IDRI-0987,668,teste,benigno,3x64x64
542,LIDC-IDRI-0985_scan670_cluster000,LIDC-IDRI-0985,670,treino,benigno,3x64x64
543,LIDC-IDRI-0982_scan673_cluster000,LIDC-IDRI-0982,673,validacao,benigno,3x64x64
544,LIDC-IDRI-0978_scan677_cluster004,LIDC-IDRI-0978,677,treino,maligno,3x64x64
545,LIDC-IDRI-0976_scan679_cluster001,LIDC-IDRI-0976,679,teste,maligno,3x64x64
546,LIDC-IDRI-0968_scan687_cluster001,LIDC-IDRI-0968,687,treino,maligno,3x64x64
547,LIDC-IDRI-0966_scan689_cluster000,LIDC-IDRI-0966,689,validacao,benigno,3x64x64
548,LIDC-IDRI-0966_scan689_cluster001,LIDC-IDRI-0966,689,validacao,maligno,3x64x64
549,LIDC-IDRI-0965_scan690_cluster000,LIDC-IDRI-0965,690,treino,maligno,3x64x64
550,LIDC-IDRI-0963_scan692_cluster000,LIDC-IDRI-0963,692,teste,benigno,3x64x64
551,LIDC-IDRI-0956_scan699_cluster001,LIDC-IDRI-0956,699,teste,benigno,3x64x64
552,LIDC-IDRI-0956_scan699_cluster002,LIDC-IDRI-0956,699,teste,benigno,3x64x64
553,LIDC-IDRI-0951_scan704_cluster000,LIDC-IDRI-0951,704,treino,benigno,3x64x64
554,LIDC-IDRI-0942_scan713_cluster000,LIDC-IDRI-0942,713,teste,maligno,3x64x64
555,LIDC-IDRI-0942_scan713_cluster001,LIDC-IDRI-0942,713,teste,maligno,3x64x64
556,LIDC-IDRI-0940_scan715_cluster000,LIDC-IDRI-0940,715,treino,maligno,3x64x64
557,LIDC-IDRI-0939_scan716_cluster002,LIDC-IDRI-0939,716,treino,maligno,3x64x64
558,LIDC-IDRI-0938_scan717_cluster000,LIDC-IDRI-0938,717,treino,maligno,3x64x64
559,LIDC-IDRI-0936_scan719_cluster000,LIDC-IDRI-0936,719,treino,maligno,3x64x64
560,LIDC-IDRI-0936_scan719_cluster001,LIDC-IDRI-0936,719,treino,maligno,3x64x64
561,LIDC-IDRI-0933_scan722_cluster004,LIDC-IDRI-0933,722,treino,benigno,3x64x64
562,LIDC-IDRI-0933_scan722_cluster005,LIDC-IDRI-0933,722,treino,benigno,3x64x64
563,LIDC-IDRI-0929_scan726_cluster000,LIDC-IDRI-0929,726,treino,benigno,3x64x64
564,LIDC-IDRI-0925_scan730_cluster000,LIDC-IDRI-0925,730,treino,maligno,3x64x64
565,LIDC-IDRI-0923_scan732_cluster000,LIDC-IDRI-0923,732,treino,benigno,3x64x64
566,LIDC-IDRI-0921_scan734_cluster000,LIDC-IDRI-0921,734,treino,maligno,3x64x64
567,LIDC-IDRI-0921_scan734_cluster003,LIDC-IDRI-0921,734,treino,maligno,3x64x64
568,LIDC-IDRI-0921_scan734_cluster004,LIDC-IDRI-0921,734,treino,maligno,3x64x64
569,LIDC-IDRI-0919_scan736_cluster000,LIDC-IDRI-0919,736,teste,maligno,3x64x64
570,LIDC-IDRI-0916_scan739_cluster001,LIDC-IDRI-0916,739,treino,benigno,3x64x64
571,LIDC-IDRI-0916_scan739_cluster002,LIDC-IDRI-0916,739,treino,benigno,3x64x64
572,LIDC-IDRI-0916_scan739_cluster007,LIDC-IDRI-0916,739,treino,benigno,3x64x64
573,LIDC-IDRI-0914_scan741_cluster000,LIDC-IDRI-0914,741,teste,benigno,3x64x64
574,LIDC-IDRI-0913_scan742_cluster000,LIDC-IDRI-0913,742,treino,benigno,3x64x64
575,LIDC-IDRI-0913_scan742_cluster002,LIDC-IDRI-0913,742,treino,maligno,3x64x64
576,LIDC-IDRI-0912_scan743_cluster000,LIDC-IDRI-0912,743,treino,benigno,3x64x64
577,LIDC-IDRI-0912_scan743_cluster002,LIDC-IDRI-0912,743,treino,maligno,3x64x64
578,LIDC-IDRI-0912_scan743_cluster005,LIDC-IDRI-0912,743,treino,benigno,3x64x64
579,LIDC-IDRI-0911_scan744_cluster000,LIDC-IDRI-0911,744,validacao,benigno,3x64x64
580,LIDC-IDRI-0908_scan747_cluster000,LIDC-IDRI-0908,747,treino,benigno,3x64x64
581,LIDC-IDRI-0906_scan749_cluster001,LIDC-IDRI-0906,749,treino,benigno,3x64x64
582,LIDC-IDRI-0906_scan749_cluster003,LIDC-IDRI-0906,749,treino,benigno,3x64x64
583,LIDC-IDRI-0905_scan750_cluster000,LIDC-IDRI-0905,750,validacao,maligno,3x64x64
584,LIDC-IDRI-0902_scan753_cluster000,LIDC-IDRI-0902,753,treino,benigno,3x64x64
585,LIDC-IDRI-0898_scan757_cluster002,LIDC-IDRI-0898,757,treino,maligno,3x64x64
586,LIDC-IDRI-0896_scan759_cluster000,LIDC-IDRI-0896,759,validacao,maligno,3x64x64
587,LIDC-IDRI-0895_scan760_cluster002,LIDC-IDRI-0895,760,treino,maligno,3x64x64
588,LIDC-IDRI-0893_scan762_cluster001,LIDC-IDRI-0893,762,treino,maligno,3x64x64
589,LIDC-IDRI-0893_scan762_cluster002,LIDC-IDRI-0893,762,treino,benigno,3x64x64
590,LIDC-IDRI-0890_scan765_cluster002,LIDC-IDRI-0890,765,treino,maligno,3x64x64
591,LIDC-IDRI-0884_scan771_cluster001,LIDC-IDRI-0884,771,treino,maligno,3x64x64
592,LIDC-IDRI-0880_scan775_cluster002,LIDC-IDRI-0880,775,treino,benigno,3x64x64
593,LIDC-IDRI-0879_scan776_cluster000,LIDC-IDRI-0879,776,treino,benigno,3x64x64
594,LIDC-IDRI-0879_scan776_cluster007,LIDC-IDRI-0879,776,treino,benigno,3x64x64
595,LIDC-IDRI-0875_scan780_cluster001,LIDC-IDRI-0875,780,teste,maligno,3x64x64
596,LIDC-IDRI-0874_scan781_cluster000,LIDC-IDRI-0874,781,treino,benigno,3x64x64
597,LIDC-IDRI-0871_scan784_cluster003,LIDC-IDRI-0871,784,treino,benigno,3x64x64
598,LIDC-IDRI-0871_scan784_cluster005,LIDC-IDRI-0871,784,treino,benigno,3x64x64
599,LIDC-IDRI-0871_scan784_cluster007,LIDC-IDRI-0871,784,treino,benigno,3x64x64
600,LIDC-IDRI-0870_scan785_cluster008,LIDC-IDRI-0870,785,treino,benigno,3x64x64
601,LIDC-IDRI-0869_scan786_cluster001,LIDC-IDRI-0869,786,teste,maligno,3x64x64
602,LIDC-IDRI-0867_scan788_cluster000,LIDC-IDRI-0867,788,treino,benigno,3x64x64
603,LIDC-IDRI-0867_scan788_cluster001,LIDC-IDRI-0867,788,treino,maligno,3x64x64
604,LIDC-IDRI-0866_scan789_cluster001,LIDC-IDRI-0866,789,treino,benigno,3x64x64
605,LIDC-IDRI-0865_scan790_cluster000,LIDC-IDRI-0865,790,treino,maligno,3x64x64
606,LIDC-IDRI-0863_scan792_cluster000,LIDC-IDRI-0863,792,treino,maligno,3x64x64
607,LIDC-IDRI-0863_scan792_cluster001,LIDC-IDRI-0863,792,treino,benigno,3x64x64
608,LIDC-IDRI-0860_scan795_cluster000,LIDC-IDRI-0860,795,treino,benigno,3x64x64
609,LIDC-IDRI-0860_scan795_cluster001,LIDC-IDRI-0860,795,treino,maligno,3x64x64
610,LIDC-IDRI-0858_scan797_cluster002,LIDC-IDRI-0858,797,treino,benigno,3x64x64
611,LIDC-IDRI-0858_scan797_cluster010,LIDC-IDRI-0858,797,treino,maligno,3x64x64
612,LIDC-IDRI-0858_scan797_cluster012,LIDC-IDRI-0858,797,treino,benigno,3x64x64
613,LIDC-IDRI-0857_scan798_cluster000,LIDC-IDRI-0857,798,teste,benigno,3x64x64
614,LIDC-IDRI-0854_scan801_cluster001,LIDC-IDRI-0854,801,treino,benigno,3x64x64
615,LIDC-IDRI-0854_scan801_cluster003,LIDC-IDRI-0854,801,treino,benigno,3x64x64
616,LIDC-IDRI-0852_scan803_cluster000,LIDC-IDRI-0852,803,treino,benigno,3x64x64
617,LIDC-IDRI-0851_scan804_cluster000,LIDC-IDRI-0851,804,treino,benigno,3x64x64
618,LIDC-IDRI-0850_scan805_cluster000,LIDC-IDRI-0850,805,treino,maligno,3x64x64
619,LIDC-IDRI-0850_scan805_cluster002,LIDC-IDRI-0850,805,treino,benigno,3x64x64
620,LIDC-IDRI-0849_scan806_cluster001,LIDC-IDRI-0849,806,treino,benigno,3x64x64
621,LIDC-IDRI-0849_scan806_cluster004,LIDC-IDRI-0849,806,treino,benigno,3x64x64
622,LIDC-IDRI-0844_scan811_cluster001,LIDC-IDRI-0844,811,treino,maligno,3x64x64
623,LIDC-IDRI-0843_scan812_cluster001,LIDC-IDRI-0843,812,teste,benigno,3x64x64
624,LIDC-IDRI-0843_scan812_cluster003,LIDC-IDRI-0843,812,teste,benigno,3x64x64
625,LIDC-IDRI-0843_scan812_cluster005,LIDC-IDRI-0843,812,teste,benigno,3x64x64
626,LIDC-IDRI-0838_scan817_cluster000,LIDC-IDRI-0838,817,treino,maligno,3x64x64
627,LIDC-IDRI-0838_scan817_cluster001,LIDC-IDRI-0838,817,treino,benigno,3x64x64
628,LIDC-IDRI-0838_scan817_cluster004,LIDC-IDRI-0838,817,treino,benigno,3x64x64
629,LIDC-IDRI-0837_scan818_cluster001,LIDC-IDRI-0837,818,treino,benigno,3x64x64
630,LIDC-IDRI-0835_scan820_cluster001,LIDC-IDRI-0835,820,treino,benigno,3x64x64
631,LIDC-IDRI-0829_scan826_cluster000,LIDC-IDRI-0829,826,treino,maligno,3x64x64
632,LIDC-IDRI-0828_scan827_cluster000,LIDC-IDRI-0828,827,treino,maligno,3x64x64
633,LIDC-IDRI-0827_scan828_cluster001,LIDC-IDRI-0827,828,validacao,benigno,3x64x64
634,LIDC-IDRI-0827_scan828_cluster002,LIDC-IDRI-0827,828,validacao,benigno,3x64x64
635,LIDC-IDRI-0826_scan829_cluster000,LIDC-IDRI-0826,829,treino,maligno,3x64x64
636,LIDC-IDRI-0826_scan829_cluster001,LIDC-IDRI-0826,829,treino,maligno,3x64x64
637,LIDC-IDRI-0825_scan830_cluster000,LIDC-IDRI-0825,830,treino,benigno,3x64x64
638,LIDC-IDRI-0822_scan833_cluster003,LIDC-IDRI-0822,833,treino,benigno,3x64x64
639,LIDC-IDRI-0822_scan833_cluster005,LIDC-IDRI-0822,833,treino,benigno,3x64x64
640,LIDC-IDRI-0822_scan833_cluster006,LIDC-IDRI-0822,833,treino,benigno,3x64x64
641,LIDC-IDRI-0819_scan836_cluster001,LIDC-IDRI-0819,836,validacao,benigno,3x64x64
642,LIDC-IDRI-0819_scan836_cluster002,LIDC-IDRI-0819,836,validacao,maligno,3x64x64
643,LIDC-IDRI-0814_scan841_cluster000,LIDC-IDRI-0814,841,teste,benigno,3x64x64
644,LIDC-IDRI-0811_scan844_cluster000,LIDC-IDRI-0811,844,treino,maligno,3x64x64
645,LIDC-IDRI-0810_scan845_cluster001,LIDC-IDRI-0810,845,teste,benigno,3x64x64
646,LIDC-IDRI-0810_scan845_cluster002,LIDC-IDRI-0810,845,teste,maligno,3x64x64
647,LIDC-IDRI-0807_scan848_cluster003,LIDC-IDRI-0807,848,treino,benigno,3x64x64
648,LIDC-IDRI-0806_scan849_cluster003,LIDC-IDRI-0806,849,treino,benigno,3x64x64
649,LIDC-IDRI-0806_scan849_cluster004,LIDC-IDRI-0806,849,treino,benigno,3x64x64
650,LIDC-IDRI-0801_scan854_cluster001,LIDC-IDRI-0801,854,treino,benigno,3x64x64
651,LIDC-IDRI-0800_scan855_cluster000,LIDC-IDRI-0800,855,validacao,benigno,3x64x64
652,LIDC-IDRI-0800_scan855_cluster001,LIDC-IDRI-0800,855,validacao,benigno,3x64x64
653,LIDC-IDRI-0799_scan856_cluster000,LIDC-IDRI-0799,856,treino,maligno,3x64x64
654,LIDC-IDRI-0797_scan858_cluster000,LIDC-IDRI-0797,858,treino,benigno,3x64x64
655,LIDC-IDRI-0796_scan859_cluster000,LIDC-IDRI-0796,859,treino,maligno,3x64x64
656,LIDC-IDRI-0795_scan860_cluster000,LIDC-IDRI-0795,860,treino,benigno,3x64x64
657,LIDC-IDRI-0794_scan861_cluster000,LIDC-IDRI-0794,861,treino,benigno,3x64x64
658,LIDC-IDRI-0791_scan864_cluster000,LIDC-IDRI-0791,864,validacao,benigno,3x64x64
659,LIDC-IDRI-0789_scan866_cluster000,LIDC-IDRI-0789,866,treino,benigno,3x64x64
660,LIDC-IDRI-0788_scan867_cluster000,LIDC-IDRI-0788,867,validacao,benigno,3x64x64
661,LIDC-IDRI-0788_scan867_cluster003,LIDC-IDRI-0788,867,validacao,maligno,3x64x64
662,LIDC-IDRI-0785_scan870_cluster000,LIDC-IDRI-0785,870,treino,benigno,3x64x64
663,LIDC-IDRI-0785_scan870_cluster004,LIDC-IDRI-0785,870,treino,maligno,3x64x64
664,LIDC-IDRI-0777_scan878_cluster001,LIDC-IDRI-0777,878,treino,benigno,3x64x64
665,LIDC-IDRI-0777_scan878_cluster003,LIDC-IDRI-0777,878,treino,benigno,3x64x64
666,LIDC-IDRI-0776_scan879_cluster000,LIDC-IDRI-0776,879,treino,maligno,3x64x64
667,LIDC-IDRI-0776_scan879_cluster002,LIDC-IDRI-0776,879,treino,maligno,3x64x64
668,LIDC-IDRI-0775_scan880_cluster000,LIDC-IDRI-0775,880,treino,maligno,3x64x64
669,LIDC-IDRI-0775_scan880_cluster001,LIDC-IDRI-0775,880,treino,maligno,3x64x64
670,LIDC-IDRI-0775_scan880_cluster002,LIDC-IDRI-0775,880,treino,maligno,3x64x64
671,LIDC-IDRI-0775_scan880_cluster003,LIDC-IDRI-0775,880,treino,maligno,3x64x64
672,LIDC-IDRI-0772_scan883_cluster000,LIDC-IDRI-0772,883,treino,maligno,3x64x64
673,LIDC-IDRI-0772_scan883_cluster001,LIDC-IDRI-0772,883,treino,maligno,3x64x64
674,LIDC-IDRI-0771_scan884_cluster000,LIDC-IDRI-0771,884,treino,benigno,3x64x64
675,LIDC-IDRI-0770_scan885_cluster004,LIDC-IDRI-0770,885,treino,maligno,3x64x64
676,LIDC-IDRI-0768_scan887_cluster000,LIDC-IDRI-0768,887,teste,maligno,3x64x64
677,LIDC-IDRI-0763_scan892_cluster001,LIDC-IDRI-0763,892,treino,benigno,3x64x64
678,LIDC-IDRI-0761_scan894_cluster002,LIDC-IDRI-0761,894,validacao,maligno,3x64x64
679,LIDC-IDRI-0759_scan896_cluster001,LIDC-IDRI-0759,896,treino,maligno,3x64x64
680,LIDC-IDRI-0756_scan899_cluster000,LIDC-IDRI-0756,899,treino,maligno,3x64x64
681,LIDC-IDRI-0752_scan903_cluster001,LIDC-IDRI-0752,903,treino,maligno,3x64x64
682,LIDC-IDRI-0748_scan907_cluster002,LIDC-IDRI-0748,907,treino,benigno,3x64x64
683,LIDC-IDRI-0748_scan907_cluster005,LIDC-IDRI-0748,907,treino,benigno,3x64x64
684,LIDC-IDRI-0748_scan907_cluster006,LIDC-IDRI-0748,907,treino,benigno,3x64x64
685,LIDC-IDRI-0740_scan915_cluster000,LIDC-IDRI-0740,915,validacao,maligno,3x64x64
686,LIDC-IDRI-0735_scan920_cluster001,LIDC-IDRI-0735,920,validacao,benigno,3x64x64
687,LIDC-IDRI-0734_scan921_cluster000,LIDC-IDRI-0734,921,treino,maligno,3x64x64
688,LIDC-IDRI-0732_scan923_cluster001,LIDC-IDRI-0732,923,validacao,maligno,3x64x64
689,LIDC-IDRI-0730_scan925_cluster000,LIDC-IDRI-0730,925,treino,maligno,3x64x64
690,LIDC-IDRI-0729_scan926_cluster000,LIDC-IDRI-0729,926,teste,benigno,3x64x64
691,LIDC-IDRI-0727_scan928_cluster000,LIDC-IDRI-0727,928,treino,benigno,3x64x64
692,LIDC-IDRI-0726_scan929_cluster001,LIDC-IDRI-0726,929,validacao,benigno,3x64x64
693,LIDC-IDRI-0722_scan933_cluster000,LIDC-IDRI-0722,933,treino,benigno,3x64x64
694,LIDC-IDRI-0720_scan935_cluster000,LIDC-IDRI-0720,935,treino,maligno,3x64x64
695,LIDC-IDRI-0717_scan938_cluster000,LIDC-IDRI-0717,938,teste,benigno,3x64x64
696,LIDC-IDRI-0715_scan940_cluster000,LIDC-IDRI-0715,940,treino,maligno,3x64x64
697,LIDC-IDRI-0708_scan947_cluster000,LIDC-IDRI-0708,947,teste,maligno,3x64x64
698,LIDC-IDRI-0708_scan947_cluster001,LIDC-IDRI-0708,947,teste,benigno,3x64x64
699,LIDC-IDRI-0705_scan950_cluster000,LIDC-IDRI-0705,950,treino,maligno,3x64x64
700,LIDC-IDRI-0704_scan951_cluster000,LIDC-IDRI-0704,951,treino,benigno,3x64x64
701,LIDC-IDRI-0702_scan953_cluster004,LIDC-IDRI-0702,953,treino,maligno,3x64x64
702,LIDC-IDRI-0701_scan954_cluster003,LIDC-IDRI-0701,954,validacao,maligno,3x64x64
703,LIDC-IDRI-0700_scan955_cluster000,LIDC-IDRI-0700,955,treino,benigno,3x64x64
704,LIDC-IDRI-0698_scan957_cluster000,LIDC-IDRI-0698,957,treino,maligno,3x64x64
705,LIDC-IDRI-0698_scan957_cluster001,LIDC-IDRI-0698,957,treino,maligno,3x64x64
706,LIDC-IDRI-0697_scan958_cluster000,LIDC-IDRI-0697,958,treino,maligno,3x64x64
707,LIDC-IDRI-0696_scan959_cluster000,LIDC-IDRI-0696,959,treino,benigno,3x64x64
708,LIDC-IDRI-0688_scan967_cluster002,LIDC-IDRI-0688,967,treino,maligno,3x64x64
709,LIDC-IDRI-0686_scan969_cluster003,LIDC-IDRI-0686,969,validacao,maligno,3x64x64
710,LIDC-IDRI-0686_scan969_cluster004,LIDC-IDRI-0686,969,validacao,maligno,3x64x64
711,LIDC-IDRI-0686_scan969_cluster005,LIDC-IDRI-0686,969,validacao,benigno,3x64x64
712,LIDC-IDRI-0686_scan969_cluster011,LIDC-IDRI-0686,969,validacao,maligno,3x64x64
713,LIDC-IDRI-0686_scan969_cluster014,LIDC-IDRI-0686,969,validacao,maligno,3x64x64
714,LIDC-IDRI-0686_scan969_cluster015,LIDC-IDRI-0686,969,validacao,maligno,3x64x64
715,LIDC-IDRI-0686_scan969_cluster016,LIDC-IDRI-0686,969,validacao,maligno,3x64x64
716,LIDC-IDRI-0682_scan973_cluster000,LIDC-IDRI-0682,973,treino,maligno,3x64x64
717,LIDC-IDRI-0678_scan977_cluster000,LIDC-IDRI-0678,977,treino,maligno,3x64x64
718,LIDC-IDRI-0674_scan981_cluster004,LIDC-IDRI-0674,981,validacao,benigno,3x64x64
719,LIDC-IDRI-0671_scan984_cluster002,LIDC-IDRI-0671,984,treino,maligno,3x64x64
720,LIDC-IDRI-0671_scan984_cluster003,LIDC-IDRI-0671,984,treino,maligno,3x64x64
721,LIDC-IDRI-0663_scan992_cluster002,LIDC-IDRI-0663,992,treino,maligno,3x64x64
722,LIDC-IDRI-0661_scan994_cluster003,LIDC-IDRI-0661,994,treino,benigno,3x64x64
723,LIDC-IDRI-0660_scan995_cluster004,LIDC-IDRI-0660,995,treino,maligno,3x64x64
724,LIDC-IDRI-0656_scan999_cluster000,LIDC-IDRI-0656,999,treino,benigno,3x64x64
725,LIDC-IDRI-0655_scan1000_cluster001,LIDC-IDRI-0655,1000,treino,benigno,3x64x64
726,LIDC-IDRI-0655_scan1000_cluster005,LIDC-IDRI-0655,1000,treino,maligno,3x64x64
727,LIDC-IDRI-0655_scan1000_cluster006,LIDC-IDRI-0655,1000,treino,benigno,3x64x64
728,LIDC-IDRI-0655_scan1000_cluster007,LIDC-IDRI-0655,1000,treino,benigno,3x64x64
729,LIDC-IDRI-0649_scan1006_cluster000,LIDC-IDRI-0649,1006,treino,benigno,3x64x64
730,LIDC-IDRI-0649_scan1006_cluster001,LIDC-IDRI-0649,1006,treino,benigno,3x64x64
731,LIDC-IDRI-0649_scan1006_cluster002,LIDC-IDRI-0649,1006,treino,benigno,3x64x64
732,LIDC-IDRI-0649_scan1006_cluster003,LIDC-IDRI-0649,1006,treino,benigno,3x64x64
733,LIDC-IDRI-0649_scan1006_cluster005,LIDC-IDRI-0649,1006,treino,benigno,3x64x64
734,LIDC-IDRI-0649_scan1006_cluster006,LIDC-IDRI-0649,1006,treino,benigno,3x64x64
735,LIDC-IDRI-0649_scan1006_cluster007,LIDC-IDRI-0649,1006,treino,benigno,3x64x64
736,LIDC-IDRI-0649_scan1006_cluster009,LIDC-IDRI-0649,1006,treino,benigno,3x64x64
737,LIDC-IDRI-0649_scan1006_cluster010,LIDC-IDRI-0649,1006,treino,benigno,3x64x64
738,LIDC-IDRI-0648_scan1007_cluster002,LIDC-IDRI-0648,1007,treino,benigno,3x64x64
739,LIDC-IDRI-0645_scan1010_cluster000,LIDC-IDRI-0645,1010,teste,maligno,3x64x64
740,LIDC-IDRI-0644_scan1011_cluster000,LIDC-IDRI-0644,1011,validacao,benigno,3x64x64
741,LIDC-IDRI-0643_scan1012_cluster002,LIDC-IDRI-0643,1012,treino,benigno,3x64x64
742,LIDC-IDRI-0641_scan1014_cluster001,LIDC-IDRI-0641,1014,treino,benigno,3x64x64
743,LIDC-IDRI-0641_scan1014_cluster003,LIDC-IDRI-0641,1014,treino,benigno,3x64x64
744,LIDC-IDRI-0641_scan1014_cluster004,LIDC-IDRI-0641,1014,treino,benigno,3x64x64
745,LIDC-IDRI-0641_scan1014_cluster006,LIDC-IDRI-0641,1014,treino,benigno,3x64x64
746,LIDC-IDRI-0639_scan1016_cluster000,LIDC-IDRI-0639,1016,treino,maligno,3x64x64
