SeriesInstanceUID,completion_status
1.3.6.1.4.1.14519.5.2.1.6279.6001.141365756818074696859567662357,success
1.3.6.1.4.1.14519.5.2.1.6279.6001.179049373636438705059720603192,success
1.3.6.1.4.1.14519.5.2.1.6279.6001.272961322147784625028175033640,success
1.3.6.1.4.1.14519.5.2.1.6279.6001.334422875695728375365180725669,success
1.3.6.1.4.1.14519.5.2.1.6279.6001.125481956446228056153445932229,success
1.3.6.1.4.1.14519.5.2.1.6279.6001.332829333783605240302521201463,success
1.3.6.1.4.1.14519.5.2.1.6279.6001.935486179338862584391625697780,success
1.3.6.1.4.1.14519.5.2.1.6279.6001.138813197521718693188313387015,success
1.3.6.1.4.1.14519.5.2.1.6279.6001.503980049263254396021509831276,success
1.3.6.1.4.1.14519.5.2.1.6279.6001.125641282114031333921855664282,success
1.3.6.1.4.1.14519.5.2.1.6279.6001.511347030803753100045216493273,success
1.3.6.1.4.1.14519.5.2.1.6279.6001.126739648830679105206897886262,success
1.3.6.1.4.1.14519.5.2.1.6279.6001.116851598584728635491816908135,success
1.3.6.1.4.1.14519.5.2.1.6279.6001.280125803152924778388346920341,success
1.3.6.1.4.1.14519.5.2.1.6279.6001.122914038048856168343065566972,success
1.3.6.1.4.1.14519.5.2.1.6279.6001.980970915982642197314267631398,success
1.3.6.1.4.1.14519.5.2.1.6279.6001.129466644298158473520902418919,success
1.3.6.1.4.1.14519.5.2.1.6279.6001.338114620394879648539943280992,success
1.3.6.1.4.1.14519.5.2.1.6279.6001.910435939545691201820711078950,success
1.3.6.1.4.1.14519.5.2.1.6279.6001.227175413450808955880893100766,success
1.3.6.1.4.1.14519.5.2.1.6279.6001.493562949900213760403901722902,success
1.3.6.1.4.1.14519.5.2.1.6279.6001.619372068417051974713149104919,success
1.3.6.1.4.1.14519.5.2.1.6279.6001.170706757615202213033480003264,success
1.3.6.1.4.1.14519.5.2.1.6279.6001.142026812390984321013050559882,success
1.3.6.1.4.1.14519.5.2.1.6279.6001.323541312620128092852212458228,success
1.3.6.1.4.1.14519.5.2.1.6279.6001.210102868760281756294235082201,success
1.3.6.1.4.1.14519.5.2.1.6279.6001.129007566048223160327836686225,success
1.3.6.1.4.1.14519.5.2.1.6279.6001.126797645619189548095014105796,success
1.3.6.1.4.1.14519.5.2.1.6279.6001.132817748896065918417924920957,success
1.3.6.1.4.1.14519.5.2.1.6279.6001.188744668142367349818410044874,success
1.3.6.1.4.1.14519.5.2.1.6279.6001.232841681445928680425330987749,success
1.3.6.1.4.1.14519.5.2.1.6279.6001.272348349298439120568330857680,success
1.3.6.1.4.1.14519.5.2.1.6279.6001.774060103415303828812229821954,success
1.3.6.1.4.1.14519.5.2.1.6279.6001.270306633918898619338449637639,success
1.3.6.1.4.1.14519.5.2.1.6279.6001.149484561117305919058718221926,success
1.3.6.1.4.1.14519.5.2.1.6279.6001.286061375572911414226912429210,success
1.3.6.1.4.1.14519.5.2.1.6279.6001.416701701108520592702405866796,success
1.3.6.1.4.1.14519.5.2.1.6279.6001.212971480103404437607456750417,success
1.3.6.1.4.1.14519.5.2.1.6279.6001.154145395981214039394434950814,success
1.3.6.1.4.1.14519.5.2.1.6279.6001.140253591510022414496468423138,success
1.3.6.1.4.1.14519.5.2.1.6279.6001.328789598898469177563438457842,success
1.3.6.1.4.1.14519.5.2.1.6279.6001.239368516910061467349404750170,success
1.3.6.1.4.1.14519.5.2.1.6279.6001.316239505662510081371960581239,success
1.3.6.1.4.1.14519.5.2.1.6279.6001.174907798609768549012640380786,success
1.3.6.1.4.1.14519.5.2.1.6279.6001.140614242738455943374226148817,success
1.3.6.1.4.1.14519.5.2.1.6279.6001.747803439040091794717626507402,success
1.3.6.1.4.1.14519.5.2.1.6279.6001.140111454550080978718222319268,success
1.3.6.1.4.1.14519.5.2.1.6279.6001.227962600322799211676960828223,success
1.3.6.1.4.1.14519.5.2.1.6279.6001.244438805420641221879751406199,success
1.3.6.1.4.1.14519.5.2.1.6279.6001.153536305742006952753134773630,success
1.3.6.1.4.1.14519.5.2.1.6279.6001.200516963999933079507233991923,success
1.3.6.1.4.1.14519.5.2.1.6279.6001.108231420525711026834210228428,success
1.3.6.1.4.1.14519.5.2.1.6279.6001.465203542815096670421396392391,success
1.3.6.1.4.1.14519.5.2.1.6279.6001.882070241245008756731854510592,success
1.3.6.1.4.1.14519.5.2.1.6279.6001.330425234131526435132846006585,success
1.3.6.1.4.1.14519.5.2.1.6279.6001.778504284378789172971189645726,success
1.3.6.1.4.1.14519.5.2.1.6279.6001.161287230272771649563308759915,success
1.3.6.1.4.1.14519.5.2.1.6279.6001.315214756157389122376518747372,success
1.3.6.1.4.1.14519.5.2.1.6279.6001.188265424231150847356515802868,success
1.3.6.1.4.1.14519.5.2.1.6279.6001.328966172046407489713246745434,success
1.3.6.1.4.1.14519.5.2.1.6279.6001.187315748963327646100167691452,success
1.3.6.1.4.1.14519.5.2.1.6279.6001.296863826932699509516219450076,success
1.3.6.1.4.1.14519.5.2.1.6279.6001.487745546557477250336016826588,success
1.3.6.1.4.1.14519.5.2.1.6279.6001.541650212189696551261299172506,success
1.3.6.1.4.1.14519.5.2.1.6279.6001.206028343897359374907954580114,success
1.3.6.1.4.1.14519.5.2.1.6279.6001.151706669339536324934926416602,success
1.3.6.1.4.1.14519.5.2.1.6279.6001.324128691814047196935730936409,success
1.3.6.1.4.1.14519.5.2.1.6279.6001.564534197011295112247542153557,success
1.3.6.1.4.1.14519.5.2.1.6279.6001.226429490432313810930218926094,success
1.3.6.1.4.1.14519.5.2.1.6279.6001.101228986346984399347858840086,success
1.3.6.1.4.1.14519.5.2.1.6279.6001.183843376225716802567192412456,success
1.3.6.1.4.1.14519.5.2.1.6279.6001.149970002859913430732239217531,success
1.3.6.1.4.1.14519.5.2.1.6279.6001.141129481770767608972887619912,success
1.3.6.1.4.1.14519.5.2.1.6279.6001.203741923654363010377298352671,success
1.3.6.1.4.1.14519.5.2.1.6279.6001.154696925868609324891304485946,success
1.3.6.1.4.1.14519.5.2.1.6279.6001.264090899378396711987322794314,success
1.3.6.1.4.1.14519.5.2.1.6279.6001.115231804715499122501654312443,success
1.3.6.1.4.1.14519.5.2.1.6279.6001.986011151772797848993829243183,success
1.3.6.1.4.1.14519.5.2.1.6279.6001.271033598344002470239441936565,success
1.3.6.1.4.1.14519.5.2.1.6279.6001.124663713663969377020085460568,success
1.3.6.1.4.1.14519.5.2.1.6279.6001.121119483290150275420058430382,success
1.3.6.1.4.1.14519.5.2.1.6279.6001.803808126682275425758092691689,success
1.3.6.1.4.1.14519.5.2.1.6279.6001.127704200987696583405112255999,success
1.3.6.1.4.1.14519.5.2.1.6279.6001.513023675145166449943177283490,success
1.3.6.1.4.1.14519.5.2.1.6279.6001.878278599615176577933791423896,success
1.3.6.1.4.1.14519.5.2.1.6279.6001.338447145504282422142824032832,success
1.3.6.1.4.1.14519.5.2.1.6279.6001.161002239822118346732951898613,success
1.3.6.1.4.1.14519.5.2.1.6279.6001.186489439482736342984904886237,success
1.3.6.1.4.1.14519.5.2.1.6279.6001.177685820605315926524514718990,success
1.3.6.1.4.1.14519.5.2.1.6279.6001.188446475105780139686282243354,success
1.3.6.1.4.1.14519.5.2.1.6279.6001.219909753224298157409438012179,success
1.3.6.1.4.1.14519.5.2.1.6279.6001.503106584587572008934827316250,success
1.3.6.1.4.1.14519.5.2.1.6279.6001.117383608379722740629083782428,success
1.3.6.1.4.1.14519.5.2.1.6279.6001.829933155161469771998787361943,success
1.3.6.1.4.1.14519.5.2.1.6279.6001.282726011940418352745905838713,success
1.3.6.1.4.1.14519.5.2.1.6279.6001.250863365157630276148828903732,success
1.3.6.1.4.1.14519.5.2.1.6279.6001.283642242112058214238811253260,success
1.3.6.1.4.1.14519.5.2.1.6279.6001.183982839679953938397312236359,success
1.3.6.1.4.1.14519.5.2.1.6279.6001.712814947440131946638352966982,success
1.3.6.1.4.1.14519.5.2.1.6279.6001.239358021703233250639913775427,success
1.3.6.1.4.1.14519.5.2.1.6279.6001.277008819284134153270739862838,success
1.3.6.1.4.1.14519.5.2.1.6279.6001.779493719385047675154892222907,success
1.3.6.1.4.1.14519.5.2.1.6279.6001.644726997798389867750012734671,success
1.3.6.1.4.1.14519.5.2.1.6279.6001.300136985030081433029390459071,success
1.3.6.1.4.1.14519.5.2.1.6279.6001.174449669706458092793093760291,success
1.3.6.1.4.1.14519.5.2.1.6279.6001.293748108418182005187634428044,success
1.3.6.1.4.1.14519.5.2.1.6279.6001.201497689881527038974435337316,success
1.3.6.1.4.1.14519.5.2.1.6279.6001.126631670596873065041988320084,success
1.3.6.1.4.1.14519.5.2.1.6279.6001.833873398719850718465533013937,success
1.3.6.1.4.1.14519.5.2.1.6279.6001.161067514225109999586362698069,success
1.3.6.1.4.1.14519.5.2.1.6279.6001.252634638822000832774167856951,success
1.3.6.1.4.1.14519.5.2.1.6279.6001.299480094258213201778610004898,success
1.3.6.1.4.1.14519.5.2.1.6279.6001.214252223927572015414741039150,success
1.3.6.1.4.1.14519.5.2.1.6279.6001.232786588606464808026607934320,success
1.3.6.1.4.1.14519.5.2.1.6279.6001.150778462295506655366671531510,success
1.3.6.1.4.1.14519.5.2.1.6279.6001.323408652979949774528873200770,success
1.3.6.1.4.1.14519.5.2.1.6279.6001.290078466983681447758193147990,success
1.3.6.1.4.1.14519.5.2.1.6279.6001.128023902651233986592378348912,success
1.3.6.1.4.1.14519.5.2.1.6279.6001.463214953282361219537913355115,success
1.3.6.1.4.1.14519.5.2.1.6279.6001.114054218667317930927862227810,success
1.3.6.1.4.1.14519.5.2.1.6279.6001.185889648265247197153816875170,success
1.3.6.1.4.1.14519.5.2.1.6279.6001.287966244644280690737019247886,success
1.3.6.1.4.1.14519.5.2.1.6279.6001.210426531621179400035178209430,success
1.3.6.1.4.1.14519.5.2.1.6279.6001.105870892833212721054592824621,success
1.3.6.1.4.1.14519.5.2.1.6279.6001.487268565754493433372433148666,success
1.3.6.1.4.1.14519.5.2.1.6279.6001.792074630193473039262761860587,success
1.3.6.1.4.1.14519.5.2.1.6279.6001.228511122591230092662900221600,success
1.3.6.1.4.1.14519.5.2.1.6279.6001.205206562583963020078910246975,success
1.3.6.1.4.1.14519.5.2.1.6279.6001.430109407146633213496148200410,success
1.3.6.1.4.1.14519.5.2.1.6279.6001.103692120477332787990764243647,success
1.3.6.1.4.1.14519.5.2.1.6279.6001.272190966764020277652079081128,success
1.3.6.1.4.1.14519.5.2.1.6279.6001.133773380223834033859531225884,success
1.3.6.1.4.1.14519.5.2.1.6279.6001.163217526257871051722166468085,success
1.3.6.1.4.1.14519.5.2.1.6279.6001.129765089930079023616645242512,success
1.3.6.1.4.1.14519.5.2.1.6279.6001.195674076148062852502601112560,success
1.3.6.1.4.1.14519.5.2.1.6279.6001.187108608022306504546286626125,success
1.3.6.1.4.1.14519.5.2.1.6279.6001.158331375701437747232061396731,success
1.3.6.1.4.1.14519.5.2.1.6279.6001.131939324905446238286154504249,success
1.3.6.1.4.1.14519.5.2.1.6279.6001.178391668569567816549737454720,success
1.3.6.1.4.1.14519.5.2.1.6279.6001.338996946077590511450623068993,success
1.3.6.1.4.1.14519.5.2.1.6279.6001.290410217650314119074833254861,success
1.3.6.1.4.1.14519.5.2.1.6279.6001.521769369571221401762293248597,success
1.3.6.1.4.1.14519.5.2.1.6279.6001.177086402277715068525592995222,success
1.3.6.1.4.1.14519.5.2.1.6279.6001.336635739793228992205608339049,success
1.3.6.1.4.1.14519.5.2.1.6279.6001.206691631889489003629571343410,success
1.3.6.1.4.1.14519.5.2.1.6279.6001.153985109349433321657655488650,success
1.3.6.1.4.1.14519.5.2.1.6279.6001.279300249795483097365868125932,success
1.3.6.1.4.1.14519.5.2.1.6279.6001.140043141379853172857758609667,success
1.3.6.1.4.1.14519.5.2.1.6279.6001.339546614783708685476232944897,success
1.3.6.1.4.1.14519.5.2.1.6279.6001.885323163998350511687073524643,success
1.3.6.1.4.1.14519.5.2.1.6279.6001.765751307221453066333254188013,success
1.3.6.1.4.1.14519.5.2.1.6279.6001.479402560265137632920333093071,success
1.3.6.1.4.1.14519.5.2.1.6279.6001.669435869708883155232318480131,success
1.3.6.1.4.1.14519.5.2.1.6279.6001.252988052061080251748760161842,success
1.3.6.1.4.1.14519.5.2.1.6279.6001.303494235102183795724852353824,success
1.3.6.1.4.1.14519.5.2.1.6279.6001.461746091282302068924103463997,incomplete
1.3.6.1.4.1.14519.5.2.1.6279.6001.613212850444255764524630781782,incomplete
1.3.6.1.4.1.14519.5.2.1.6279.6001.525084244168015381779362827315,incomplete
1.3.6.1.4.1.14519.5.2.1.6279.6001.313409765889802928878750491956,incomplete
1.3.6.1.4.1.14519.5.2.1.6279.6001.172243743899615313644757844726,incomplete
1.3.6.1.4.1.14519.5.2.1.6279.6001.213233719488315954975724605159,incomplete
1.3.6.1.4.1.14519.5.2.1.6279.6001.380430467810547350511296354409,incomplete
1.3.6.1.4.1.14519.5.2.1.6279.6001.241671809067336049550270815293,incomplete
1.3.6.1.4.1.14519.5.2.1.6279.6001.652347820272212119124022644822,incomplete
1.3.6.1.4.1.14519.5.2.1.6279.6001.288701997968615460794642979503,incomplete
1.3.6.1.4.1.14519.5.2.1.6279.6001.273831933125344438720753919980,incomplete
1.3.6.1.4.1.14519.5.2.1.6279.6001.156990013635454707781600846659,incomplete
1.3.6.1.4.1.14519.5.2.1.6279.6001.310776267506244356102545943489,incomplete
1.3.6.1.4.1.14519.5.2.1.6279.6001.128731087742538941794000760852,incomplete
1.3.6.1.4.1.14519.5.2.1.6279.6001.145580766024236783540879444879,incomplete
1.3.6.1.4.1.14519.5.2.1.6279.6001.146550750837219764744267805943,incomplete
1.3.6.1.4.1.14519.5.2.1.6279.6001.194632613233275988184244485809,incomplete
1.3.6.1.4.1.14519.5.2.1.6279.6001.204287915902811325371247860532,incomplete
1.3.6.1.4.1.14519.5.2.1.6279.6001.263985023391845566896306128325,incomplete
1.3.6.1.4.1.14519.5.2.1.6279.6001.245498477813346982220830173368,incomplete
1.3.6.1.4.1.14519.5.2.1.6279.6001.113679818447732724990336702075,incomplete
1.3.6.1.4.1.14519.5.2.1.6279.6001.146987333806092287055399155268,incomplete
1.3.6.1.4.1.14519.5.2.1.6279.6001.270595341434264431819455140983,incomplete
1.3.6.1.4.1.14519.5.2.1.6279.6001.733642690503782454656013446707,incomplete
1.3.6.1.4.1.14519.5.2.1.6279.6001.159487863629600617733659914437,incomplete
1.3.6.1.4.1.14519.5.2.1.6279.6001.197571418213646233014868925501,incomplete
1.3.6.1.4.1.14519.5.2.1.6279.6001.286217539434358186648717203667,incomplete
1.3.6.1.4.1.14519.5.2.1.6279.6001.227707494413800460340110762069,incomplete
1.3.6.1.4.1.14519.5.2.1.6279.6001.129122303598171087450038048388,incomplete
1.3.6.1.4.1.14519.5.2.1.6279.6001.147655093163318843042274577903,incomplete
1.3.6.1.4.1.14519.5.2.1.6279.6001.134996872583497382954024478441,incomplete
1.3.6.1.4.1.14519.5.2.1.6279.6001.143622857676008763729469324839,incomplete
1.3.6.1.4.1.14519.5.2.1.6279.6001.286359704222993185355649430232,incomplete
1.3.6.1.4.1.14519.5.2.1.6279.6001.286524966129599998397777745271,incomplete
1.3.6.1.4.1.14519.5.2.1.6279.6001.850400065999974190169503174211,incomplete
1.3.6.1.4.1.14519.5.2.1.6279.6001.310548927038333190233889983845,incomplete
1.3.6.1.4.1.14519.5.2.1.6279.6001.116798263639724314842490465662,incomplete
1.3.6.1.4.1.14519.5.2.1.6279.6001.224197113120748559330883305167,incomplete
1.3.6.1.4.1.14519.5.2.1.6279.6001.461155505515403114280165935891,incomplete
1.3.6.1.4.1.14519.5.2.1.6279.6001.115592101049879272523756584162,incomplete
1.3.6.1.4.1.14519.5.2.1.6279.6001.137773550852881583165286615668,incomplete
1.3.6.1.4.1.14519.5.2.1.6279.6001.206277602713463607135758618924,incomplete
1.3.6.1.4.1.14519.5.2.1.6279.6001.622243923620914676263059698181,incomplete
1.3.6.1.4.1.14519.5.2.1.6279.6001.219947541573426999189048184905,incomplete
1.3.6.1.4.1.14519.5.2.1.6279.6001.931383239747372227838946053237,incomplete
1.3.6.1.4.1.14519.5.2.1.6279.6001.234400932423244218697302970157,incomplete
1.3.6.1.4.1.14519.5.2.1.6279.6001.189953990721584107360490360907,incomplete
1.3.6.1.4.1.14519.5.2.1.6279.6001.340202188094259402036602717327,incomplete
1.3.6.1.4.1.14519.5.2.1.6279.6001.128670737257572624231987463200,incomplete
1.3.6.1.4.1.14519.5.2.1.6279.6001.170617690240791331933414174407,incomplete
1.3.6.1.4.1.14519.5.2.1.6279.6001.266485463235825902797310439568,incomplete
1.3.6.1.4.1.14519.5.2.1.6279.6001.712472578497712558367294720243,incomplete
1.3.6.1.4.1.14519.5.2.1.6279.6001.252133514742798966494450091999,incomplete
1.3.6.1.4.1.14519.5.2.1.6279.6001.326499817672333170159414276030,incomplete
1.3.6.1.4.1.14519.5.2.1.6279.6001.745109871503276594185453478952,incomplete
1.3.6.1.4.1.14519.5.2.1.6279.6001.130794651720796841292503408531,incomplete
1.3.6.1.4.1.14519.5.2.1.6279.6001.232601316377404457746560486789,incomplete
1.3.6.1.4.1.14519.5.2.1.6279.6001.171746662789400475948511322868,incomplete
1.3.6.1.4.1.14519.5.2.1.6279.6001.276710697414087561012670296643,incomplete
1.3.6.1.4.1.14519.5.2.1.6279.6001.208799435275324703237064065912,incomplete
1.3.6.1.4.1.14519.5.2.1.6279.6001.696727502904070993160975844791,incomplete
1.3.6.1.4.1.14519.5.2.1.6279.6001.251215764736737018371915284679,incomplete
1.3.6.1.4.1.14519.5.2.1.6279.6001.124782472062810116028985724001,incomplete
1.3.6.1.4.1.14519.5.2.1.6279.6001.439691798964142131112451608863,incomplete
1.3.6.1.4.1.14519.5.2.1.6279.6001.311102747717834916358933873912,incomplete
1.3.6.1.4.1.14519.5.2.1.6279.6001.313334055029671473836954456733,incomplete
1.3.6.1.4.1.14519.5.2.1.6279.6001.616592530217021649315885775345,incomplete
1.3.6.1.4.1.14519.5.2.1.6279.6001.113204308168622795344443518239,incomplete
1.3.6.1.4.1.14519.5.2.1.6279.6001.257383535269991165447822992959,incomplete
1.3.6.1.4.1.14519.5.2.1.6279.6001.147787540192875407131699077826,incomplete
1.3.6.1.4.1.14519.5.2.1.6279.6001.336225579776978874775723463327,incomplete
1.3.6.1.4.1.14519.5.2.1.6279.6001.917305310947020542241945657562,incomplete
1.3.6.1.4.1.14519.5.2.1.6279.6001.105495028985881418176186711228,incomplete
1.3.6.1.4.1.14519.5.2.1.6279.6001.166112018536246672777968137997,incomplete
1.3.6.1.4.1.14519.5.2.1.6279.6001.133627125705000862622611101933,incomplete
1.3.6.1.4.1.14519.5.2.1.6279.6001.610552861714864514744852217640,incomplete
1.3.6.1.4.1.14519.5.2.1.6279.6001.202811684116768680758082619196,incomplete
1.3.6.1.4.1.14519.5.2.1.6279.6001.262623906028586574380750694758,incomplete
1.3.6.1.4.1.14519.5.2.1.6279.6001.129982010889624423230394257528,incomplete
1.3.6.1.4.1.14519.5.2.1.6279.6001.185154482385982570363528682299,incomplete
1.3.6.1.4.1.14519.5.2.1.6279.6001.275961575587124130752978997571,incomplete
1.3.6.1.4.1.14519.5.2.1.6279.6001.295958572786158575287945391206,incomplete
1.3.6.1.4.1.14519.5.2.1.6279.6001.264160982957319189455421228575,incomplete
1.3.6.1.4.1.14519.5.2.1.6279.6001.254254303842550572473665729969,incomplete
1.3.6.1.4.1.14519.5.2.1.6279.6001.156997871894045256277431018213,incomplete
1.3.6.1.4.1.14519.5.2.1.6279.6001.225515255547637437801620523312,incomplete
1.3.6.1.4.1.14519.5.2.1.6279.6001.987704869630002217034260811649,incomplete
1.3.6.1.4.1.14519.5.2.1.6279.6001.108197895896446896160048741492,incomplete
1.3.6.1.4.1.14519.5.2.1.6279.6001.328911821208757318767256607933,incomplete
1.3.6.1.4.1.14519.5.2.1.6279.6001.103115201714075993579787468219,incomplete
1.3.6.1.4.1.14519.5.2.1.6279.6001.848166234461869260408773278955,incomplete
1.3.6.1.4.1.14519.5.2.1.6279.6001.112767175295249119452142211437,incomplete
1.3.6.1.4.1.14519.5.2.1.6279.6001.159026300526162106155638433321,incomplete
1.3.6.1.4.1.14519.5.2.1.6279.6001.233348411434728358708345136856,incomplete
1.3.6.1.4.1.14519.5.2.1.6279.6001.316393351033132458296975008261,incomplete
1.3.6.1.4.1.14519.5.2.1.6279.6001.229343399861261429237689489892,incomplete
1.3.6.1.4.1.14519.5.2.1.6279.6001.230965082640497617949993084836,incomplete
1.3.6.1.4.1.14519.5.2.1.6279.6001.454273545863197752384437758130,incomplete
1.3.6.1.4.1.14519.5.2.1.6279.6001.129430203478599312080559930443,incomplete
1.3.6.1.4.1.14519.5.2.1.6279.6001.241717018262666382493757419144,incomplete
1.3.6.1.4.1.14519.5.2.1.6279.6001.183623208419076366525827719595,incomplete
1.3.6.1.4.1.14519.5.2.1.6279.6001.176030616406569931557298712518,incomplete
1.3.6.1.4.1.14519.5.2.1.6279.6001.237855417502750555158013448483,incomplete
1.3.6.1.4.1.14519.5.2.1.6279.6001.199132715934307638233573266716,incomplete
1.3.6.1.4.1.14519.5.2.1.6279.6001.975426625618184773401026809852,incomplete
1.3.6.1.4.1.14519.5.2.1.6279.6001.151647338241909635299641922057,incomplete
1.3.6.1.4.1.14519.5.2.1.6279.6001.513114548408601984123939083099,incomplete
1.3.6.1.4.1.14519.5.2.1.6279.6001.254176853278710432756285662989,incomplete
1.3.6.1.4.1.14519.5.2.1.6279.6001.159265166937401777756248496632,incomplete
1.3.6.1.4.1.14519.5.2.1.6279.6001.133378195429627807109985347209,incomplete
1.3.6.1.4.1.14519.5.2.1.6279.6001.102962801900681595502684962582,incomplete
1.3.6.1.4.1.14519.5.2.1.6279.6001.254732746200956375214300973281,incomplete
1.3.6.1.4.1.14519.5.2.1.6279.6001.114643134991547510142488707241,incomplete
1.3.6.1.4.1.14519.5.2.1.6279.6001.294120933998772507043263238704,incomplete
1.3.6.1.4.1.14519.5.2.1.6279.6001.202943208413928063516044802880,incomplete
1.3.6.1.4.1.14519.5.2.1.6279.6001.257515388956260258681136624817,incomplete
1.3.6.1.4.1.14519.5.2.1.6279.6001.207201727479884428632451006739,incomplete
1.3.6.1.4.1.14519.5.2.1.6279.6001.243321146461194382301784462296,incomplete
1.3.6.1.4.1.14519.5.2.1.6279.6001.200212622715054236587460736018,incomplete
1.3.6.1.4.1.14519.5.2.1.6279.6001.970428941353693253759289796610,incomplete
1.3.6.1.4.1.14519.5.2.1.6279.6001.238863705761552554567603436775,incomplete
1.3.6.1.4.1.14519.5.2.1.6279.6001.104780906131535625872840889059,incomplete
1.3.6.1.4.1.14519.5.2.1.6279.6001.298718327861275033002179186448,incomplete
1.3.6.1.4.1.14519.5.2.1.6279.6001.267957701183569638795986183786,incomplete
1.3.6.1.4.1.14519.5.2.1.6279.6001.470292730336794047533639542076,incomplete
1.3.6.1.4.1.14519.5.2.1.6279.6001.481278873893653517789960724156,incomplete
1.3.6.1.4.1.14519.5.2.1.6279.6001.139258777898746693365877042411,incomplete
1.3.6.1.4.1.14519.5.2.1.6279.6001.329655067900465507671177346403,incomplete
1.3.6.1.4.1.14519.5.2.1.6279.6001.334789205089865223056093221412,incomplete
1.3.6.1.4.1.14519.5.2.1.6279.6001.233433352108264931671753343044,incomplete
1.3.6.1.4.1.14519.5.2.1.6279.6001.314836406260772370397541392345,incomplete
1.3.6.1.4.1.14519.5.2.1.6279.6001.849055435546135376228232912205,incomplete
1.3.6.1.4.1.14519.5.2.1.6279.6001.333145094436144085379032922488,incomplete
1.3.6.1.4.1.14519.5.2.1.6279.6001.960327114371877102455429188945,incomplete
1.3.6.1.4.1.14519.5.2.1.6279.6001.249404938669582150398726875826,incomplete
1.3.6.1.4.1.14519.5.2.1.6279.6001.118581656938136776132397300978,incomplete
1.3.6.1.4.1.14519.5.2.1.6279.6001.410251741986998833890312367579,incomplete
1.3.6.1.4.1.14519.5.2.1.6279.6001.157028077372844506586785318356,incomplete
1.3.6.1.4.1.14519.5.2.1.6279.6001.188059920088313909273628445208,incomplete
1.3.6.1.4.1.14519.5.2.1.6279.6001.458981936748868490430251855516,incomplete
1.3.6.1.4.1.14519.5.2.1.6279.6001.330361562313025994674404156967,incomplete
1.3.6.1.4.1.14519.5.2.1.6279.6001.128881800399702510818644205032,incomplete
1.3.6.1.4.1.14519.5.2.1.6279.6001.225154811831720426832024114593,incomplete
1.3.6.1.4.1.14519.5.2.1.6279.6001.240282537530757534746798814586,incomplete
1.3.6.1.4.1.14519.5.2.1.6279.6001.239674109849255565060219893281,incomplete
1.3.6.1.4.1.14519.5.2.1.6279.6001.400871509992541458184881866614,incomplete
1.3.6.1.4.1.14519.5.2.1.6279.6001.768856069922657732839929586657,incomplete
1.3.6.1.4.1.14519.5.2.1.6279.6001.453946099750629491201946672998,incomplete
1.3.6.1.4.1.14519.5.2.1.6279.6001.516669228793026922308964259577,incomplete
1.3.6.1.4.1.14519.5.2.1.6279.6001.162832490847512063349669512025,incomplete
1.3.6.1.4.1.14519.5.2.1.6279.6001.724562063158320418413995627171,incomplete
1.3.6.1.4.1.14519.5.2.1.6279.6001.115689755198961598722158240121,incomplete
1.3.6.1.4.1.14519.5.2.1.6279.6001.490902761515721886660494273864,incomplete
1.3.6.1.4.1.14519.5.2.1.6279.6001.289978760565733558032215304395,incomplete
1.3.6.1.4.1.14519.5.2.1.6279.6001.168042389372367513325505818854,incomplete
1.3.6.1.4.1.14519.5.2.1.6279.6001.139220092088925176183531326119,incomplete
1.3.6.1.4.1.14519.5.2.1.6279.6001.183924380327950237519832859527,incomplete
1.3.6.1.4.1.14519.5.2.1.6279.6001.147159006010754977490852730189,incomplete
1.3.6.1.4.1.14519.5.2.1.6279.6001.436403998650924660479049012235,incomplete
1.3.6.1.4.1.14519.5.2.1.6279.6001.238042459915048190592571019348,incomplete
1.3.6.1.4.1.14519.5.2.1.6279.6001.304628278278948764276855604043,incomplete
1.3.6.1.4.1.14519.5.2.1.6279.6001.100678017805946348616192905152,incomplete
1.3.6.1.4.1.14519.5.2.1.6279.6001.255999614855292116767517149228,incomplete
1.3.6.1.4.1.14519.5.2.1.6279.6001.361395239388119938661705167868,incomplete
1.3.6.1.4.1.14519.5.2.1.6279.6001.603126300703296693942875967838,incomplete
1.3.6.1.4.1.14519.5.2.1.6279.6001.244204120220889433826451158706,incomplete
1.3.6.1.4.1.14519.5.2.1.6279.6001.291617519784637372280604577539,incomplete
1.3.6.1.4.1.14519.5.2.1.6279.6001.145307753896164386773181782028,incomplete
1.3.6.1.4.1.14519.5.2.1.6279.6001.189483585244687808087477024767,incomplete
1.3.6.1.4.1.14519.5.2.1.6279.6001.243821191223104395348332677845,incomplete
1.3.6.1.4.1.14519.5.2.1.6279.6001.219428004988664846407984058588,incomplete
1.3.6.1.4.1.14519.5.2.1.6279.6001.837810280808122125183730411210,incomplete
1.3.6.1.4.1.14519.5.2.1.6279.6001.267061212967701129351912629940,incomplete
1.3.6.1.4.1.14519.5.2.1.6279.6001.271307051432838466826189754230,incomplete
1.3.6.1.4.1.14519.5.2.1.6279.6001.337300646935809920301334388435,incomplete
1.3.6.1.4.1.14519.5.2.1.6279.6001.109473460036609681692304461229,incomplete
1.3.6.1.4.1.14519.5.2.1.6279.6001.320967206808467952819309001585,incomplete
1.3.6.1.4.1.14519.5.2.1.6279.6001.239389342402193071820830903329,incomplete
1.3.6.1.4.1.14519.5.2.1.6279.6001.120842785645314664964010792308,incomplete
1.3.6.1.4.1.14519.5.2.1.6279.6001.273114237565908267693578699977,incomplete
1.3.6.1.4.1.14519.5.2.1.6279.6001.336198008634390022174744544656,incomplete
1.3.6.1.4.1.14519.5.2.1.6279.6001.210744692899786048714244525186,incomplete
1.3.6.1.4.1.14519.5.2.1.6279.6001.948414623428298219623354433437,incomplete
1.3.6.1.4.1.14519.5.2.1.6279.6001.295298571102631191572192562523,incomplete
1.3.6.1.4.1.14519.5.2.1.6279.6001.211726530738854368916838461373,incomplete
1.3.6.1.4.1.14519.5.2.1.6279.6001.283569726884265181140892667131,incomplete
1.3.6.1.4.1.14519.5.2.1.6279.6001.208232614464329269402379517327,incomplete
1.3.6.1.4.1.14519.5.2.1.6279.6001.544645010875588840814748352505,incomplete
1.3.6.1.4.1.14519.5.2.1.6279.6001.279953669991076107785464313394,incomplete
1.3.6.1.4.1.14519.5.2.1.6279.6001.935683764293840351008008793409,incomplete
1.3.6.1.4.1.14519.5.2.1.6279.6001.198149078880745206369251646769,incomplete
1.3.6.1.4.1.14519.5.2.1.6279.6001.752756872840730509471096155114,incomplete
1.3.6.1.4.1.14519.5.2.1.6279.6001.359143350815328767049489480026,incomplete
1.3.6.1.4.1.14519.5.2.1.6279.6001.268838889380981659524993261082,incomplete
1.3.6.1.4.1.14519.5.2.1.6279.6001.276608396053469154601144314145,incomplete
1.3.6.1.4.1.14519.5.2.1.6279.6001.311466493695476565814719253413,incomplete
1.3.6.1.4.1.14519.5.2.1.6279.6001.339142594937666268384335506819,incomplete
1.3.6.1.4.1.14519.5.2.1.6279.6001.140527383975300992150799777603,incomplete
1.3.6.1.4.1.14519.5.2.1.6279.6001.253414946533085777828778973420,incomplete
1.3.6.1.4.1.14519.5.2.1.6279.6001.397202838387416555106806022938,incomplete
1.3.6.1.4.1.14519.5.2.1.6279.6001.246445082715406922548314595791,incomplete
1.3.6.1.4.1.14519.5.2.1.6279.6001.367204840301639918160517361062,incomplete
1.3.6.1.4.1.14519.5.2.1.6279.6001.214019625569855801882360612294,incomplete
1.3.6.1.4.1.14519.5.2.1.6279.6001.202283133206014258077705539227,incomplete
1.3.6.1.4.1.14519.5.2.1.6279.6001.650493030701702338780428147035,incomplete
1.3.6.1.4.1.14519.5.2.1.6279.6001.171354297808382414036496646219,incomplete
1.3.6.1.4.1.14519.5.2.1.6279.6001.470912100568074901744259213968,incomplete
1.3.6.1.4.1.14519.5.2.1.6279.6001.790013313334466425295235589574,incomplete
1.3.6.1.4.1.14519.5.2.1.6279.6001.243094273518213382155770295147,incomplete
1.3.6.1.4.1.14519.5.2.1.6279.6001.134431569579259979556425158178,incomplete
1.3.6.1.4.1.14519.5.2.1.6279.6001.100953483028192176989979435275,incomplete
1.3.6.1.4.1.14519.5.2.1.6279.6001.306545063519250076944974644547,incomplete
1.3.6.1.4.1.14519.5.2.1.6279.6001.106630482085576298661469304872,incomplete
1.3.6.1.4.1.14519.5.2.1.6279.6001.153732973534937692357111055819,incomplete
1.3.6.1.4.1.14519.5.2.1.6279.6001.441681523497855658141461160243,incomplete
1.3.6.1.4.1.14519.5.2.1.6279.6001.197063290812663596858124411210,incomplete
1.3.6.1.4.1.14519.5.2.1.6279.6001.657576366889817287631254521882,incomplete
1.3.6.1.4.1.14519.5.2.1.6279.6001.110865600371875561929545769809,incomplete
1.3.6.1.4.1.14519.5.2.1.6279.6001.102681962408431413578140925249,incomplete
1.3.6.1.4.1.14519.5.2.1.6279.6001.181853805506436271908882614825,incomplete
1.3.6.1.4.1.14519.5.2.1.6279.6001.204566802718283633558802774757,incomplete
1.3.6.1.4.1.14519.5.2.1.6279.6001.147362147874526540734083859066,incomplete
1.3.6.1.4.1.14519.5.2.1.6279.6001.616033753016904899083676284739,incomplete
1.3.6.1.4.1.14519.5.2.1.6279.6001.278660284797073139172446973682,incomplete
1.3.6.1.4.1.14519.5.2.1.6279.6001.163427332971478593213840739002,incomplete
1.3.6.1.4.1.14519.5.2.1.6279.6001.194766721609772924944646251928,incomplete
1.3.6.1.4.1.14519.5.2.1.6279.6001.219868234028570087207178877058,incomplete
1.3.6.1.4.1.14519.5.2.1.6279.6001.136797553187127958824073184000,incomplete
1.3.6.1.4.1.14519.5.2.1.6279.6001.287560874054243719452635194040,incomplete
1.3.6.1.4.1.14519.5.2.1.6279.6001.868211851413924881662621747734,incomplete
1.3.6.1.4.1.14519.5.2.1.6279.6001.172825520248158858306095280579,incomplete
1.3.6.1.4.1.14519.5.2.1.6279.6001.314622489630148068477223733595,incomplete
1.3.6.1.4.1.14519.5.2.1.6279.6001.306948744223170422945185006551,incomplete
1.3.6.1.4.1.14519.5.2.1.6279.6001.160855290323404581151359396193,incomplete
1.3.6.1.4.1.14519.5.2.1.6279.6001.198698492013538481395497694975,incomplete
1.3.6.1.4.1.14519.5.2.1.6279.6001.826829446346820089862659555750,incomplete
1.3.6.1.4.1.14519.5.2.1.6279.6001.211317669233467214881380477830,incomplete
1.3.6.1.4.1.14519.5.2.1.6279.6001.465032801496479029639448332481,incomplete
1.3.6.1.4.1.14519.5.2.1.6279.6001.241981176885873121060876030928,incomplete
1.3.6.1.4.1.14519.5.2.1.6279.6001.195913706607582347421429908613,incomplete
1.3.6.1.4.1.14519.5.2.1.6279.6001.150064723270402568379909455144,incomplete
1.3.6.1.4.1.14519.5.2.1.6279.6001.176362912420491262783064585333,incomplete
1.3.6.1.4.1.14519.5.2.1.6279.6001.283669633727910557834111970312,incomplete
1.3.6.1.4.1.14519.5.2.1.6279.6001.236698827306171960683086245994,incomplete
1.3.6.1.4.1.14519.5.2.1.6279.6001.205550812074465829503406596652,incomplete
1.3.6.1.4.1.14519.5.2.1.6279.6001.751575780761403927528673045356,incomplete
1.3.6.1.4.1.14519.5.2.1.6279.6001.160586340600816116143631200450,incomplete
1.3.6.1.4.1.14519.5.2.1.6279.6001.302557165094691896097534021075,incomplete
1.3.6.1.4.1.14519.5.2.1.6279.6001.741922214364594450039167164545,incomplete
1.3.6.1.4.1.14519.5.2.1.6279.6001.113697708991260454310623082679,incomplete
1.3.6.1.4.1.14519.5.2.1.6279.6001.339063854210318997673643535996,incomplete
1.3.6.1.4.1.14519.5.2.1.6279.6001.239451150743822952667769822351,incomplete
1.3.6.1.4.1.14519.5.2.1.6279.6001.329404588567903628160652715124,incomplete
1.3.6.1.4.1.14519.5.2.1.6279.6001.149041668385192796520281592139,incomplete
1.3.6.1.4.1.14519.5.2.1.6279.6001.309844049964231639433168700227,incomplete
1.3.6.1.4.1.14519.5.2.1.6279.6001.143369235214449752599496464205,incomplete
1.3.6.1.4.1.14519.5.2.1.6279.6001.472487466001405705666001578363,incomplete
1.3.6.1.4.1.14519.5.2.1.6279.6001.324567010179873305471925391582,incomplete
1.3.6.1.4.1.14519.5.2.1.6279.6001.139378031841982785812043919427,incomplete
1.3.6.1.4.1.14519.5.2.1.6279.6001.172685512107407315502302178525,incomplete
1.3.6.1.4.1.14519.5.2.1.6279.6001.122621219961396951727742490470,incomplete
1.3.6.1.4.1.14519.5.2.1.6279.6001.221793050351477226698403656547,incomplete
1.3.6.1.4.1.14519.5.2.1.6279.6001.193808128386712859512130599234,incomplete
1.3.6.1.4.1.14519.5.2.1.6279.6001.310395752124284049604069960014,incomplete
1.3.6.1.4.1.14519.5.2.1.6279.6001.382981348891573094702726085023,incomplete
1.3.6.1.4.1.14519.5.2.1.6279.6001.252673587357556716971184694630,incomplete
1.3.6.1.4.1.14519.5.2.1.6279.6001.805925269324902055566754756843,incomplete
1.3.6.1.4.1.14519.5.2.1.6279.6001.309688315297714049405581648903,incomplete
1.3.6.1.4.1.14519.5.2.1.6279.6001.173931884906244951746140865701,incomplete
1.3.6.1.4.1.14519.5.2.1.6279.6001.197354026599897236611380976729,incomplete
1.3.6.1.4.1.14519.5.2.1.6279.6001.200841000324240313648595016964,incomplete
1.3.6.1.4.1.14519.5.2.1.6279.6001.290389044112819325042112228399,incomplete
1.3.6.1.4.1.14519.5.2.1.6279.6001.261700367741314729940340271960,incomplete
1.3.6.1.4.1.14519.5.2.1.6279.6001.137608928063284971968621855419,incomplete
1.3.6.1.4.1.14519.5.2.1.6279.6001.311981398931043315779172047718,incomplete
1.3.6.1.4.1.14519.5.2.1.6279.6001.566816709786169715745131047975,incomplete
1.3.6.1.4.1.14519.5.2.1.6279.6001.134431713337414332708539217972,incomplete
1.3.6.1.4.1.14519.5.2.1.6279.6001.313283554967554803238484128406,incomplete
1.3.6.1.4.1.14519.5.2.1.6279.6001.176338567774624792192771594127,incomplete
1.3.6.1.4.1.14519.5.2.1.6279.6001.676620044795098555169898504281,incomplete
1.3.6.1.4.1.14519.5.2.1.6279.6001.312704771348460502013249647868,incomplete
1.3.6.1.4.1.14519.5.2.1.6279.6001.172845185165807139298420209778,incomplete
1.3.6.1.4.1.14519.5.2.1.6279.6001.150973567609484061404182550091,incomplete
1.3.6.1.4.1.14519.5.2.1.6279.6001.276739961603946441116057858952,incomplete
1.3.6.1.4.1.14519.5.2.1.6279.6001.208737629504245244513001631764,incomplete
1.3.6.1.4.1.14519.5.2.1.6279.6001.187709112896708878656939174714,incomplete
1.3.6.1.4.1.14519.5.2.1.6279.6001.309901913847714156367981722205,incomplete
1.3.6.1.4.1.14519.5.2.1.6279.6001.263795186040046940648210967511,incomplete
1.3.6.1.4.1.14519.5.2.1.6279.6001.272344603176687884771013620823,incomplete
1.3.6.1.4.1.14519.5.2.1.6279.6001.199916291608127150948127902598,incomplete
1.3.6.1.4.1.14519.5.2.1.6279.6001.233652865358649579816568545171,incomplete
1.3.6.1.4.1.14519.5.2.1.6279.6001.180670358170522899990057853746,incomplete
1.3.6.1.4.1.14519.5.2.1.6279.6001.249314567767437206995861966896,incomplete
1.3.6.1.4.1.14519.5.2.1.6279.6001.670007319415406991866816327183,incomplete
1.3.6.1.4.1.14519.5.2.1.6279.6001.124656777236468248920498636247,incomplete
1.3.6.1.4.1.14519.5.2.1.6279.6001.188484197846284733942365679565,incomplete
1.3.6.1.4.1.14519.5.2.1.6279.6001.336120393326492446884182831774,incomplete
1.3.6.1.4.1.14519.5.2.1.6279.6001.518487185634324801733841260431,incomplete
1.3.6.1.4.1.14519.5.2.1.6279.6001.336163423555823377991330718547,incomplete
1.3.6.1.4.1.14519.5.2.1.6279.6001.109033518984608282787487932849,incomplete
1.3.6.1.4.1.14519.5.2.1.6279.6001.161073793312426102774780216551,incomplete
1.3.6.1.4.1.14519.5.2.1.6279.6001.173106154739244262091404659845,incomplete
1.3.6.1.4.1.14519.5.2.1.6279.6001.122285196754238323810344887171,incomplete
1.3.6.1.4.1.14519.5.2.1.6279.6001.337845202462615014431060697507,incomplete
1.3.6.1.4.1.14519.5.2.1.6279.6001.323550906502966539088062396689,incomplete
1.3.6.1.4.1.14519.5.2.1.6279.6001.246589849815292078281051154201,incomplete
1.3.6.1.4.1.14519.5.2.1.6279.6001.210158546488731399296247515744,incomplete
1.3.6.1.4.1.14519.5.2.1.6279.6001.188209889686363159853715266493,incomplete
1.3.6.1.4.1.14519.5.2.1.6279.6001.267548381386991759527388880837,incomplete
1.3.6.1.4.1.14519.5.2.1.6279.6001.218358813528665770411419604383,incomplete
1.3.6.1.4.1.14519.5.2.1.6279.6001.328944769569002417592093467626,incomplete
1.3.6.1.4.1.14519.5.2.1.6279.6001.289673114728957557138191879489,incomplete
1.3.6.1.4.1.14519.5.2.1.6279.6001.162718361851587451505896742103,incomplete
1.3.6.1.4.1.14519.5.2.1.6279.6001.238987641228384263774231039058,incomplete
1.3.6.1.4.1.14519.5.2.1.6279.6001.178680586845223339579041794709,incomplete
1.3.6.1.4.1.14519.5.2.1.6279.6001.210618824080932755350370549788,incomplete
1.3.6.1.4.1.14519.5.2.1.6279.6001.177985905159808659201278495182,incomplete
1.3.6.1.4.1.14519.5.2.1.6279.6001.276462101160434440578779047738,incomplete
1.3.6.1.4.1.14519.5.2.1.6279.6001.106164978370116976238911317774,incomplete
1.3.6.1.4.1.14519.5.2.1.6279.6001.438308540025607517017949816111,incomplete
1.3.6.1.4.1.14519.5.2.1.6279.6001.286941372064072472857736534849,incomplete
1.3.6.1.4.1.14519.5.2.1.6279.6001.234596906942464365886790139804,incomplete
1.3.6.1.4.1.14519.5.2.1.6279.6001.307946352302138765071461362398,incomplete
1.3.6.1.4.1.14519.5.2.1.6279.6001.187451715205085403623595258748,incomplete
1.3.6.1.4.1.14519.5.2.1.6279.6001.183792477767310422201520794020,incomplete
1.3.6.1.4.1.14519.5.2.1.6279.6001.939216568327879462530496768794,incomplete
1.3.6.1.4.1.14519.5.2.1.6279.6001.308357812479652379702250054749,incomplete
1.3.6.1.4.1.14519.5.2.1.6279.6001.270390050141765094612147226290,incomplete
1.3.6.1.4.1.14519.5.2.1.6279.6001.728908883562598265509095692182,incomplete
1.3.6.1.4.1.14519.5.2.1.6279.6001.154703816225841204080664115280,incomplete
1.3.6.1.4.1.14519.5.2.1.6279.6001.504674791539860887163753998534,incomplete
1.3.6.1.4.1.14519.5.2.1.6279.6001.905371958588660410240398317235,incomplete
1.3.6.1.4.1.14519.5.2.1.6279.6001.130474485904575556140474094227,incomplete
1.3.6.1.4.1.14519.5.2.1.6279.6001.320111824803959660037459294083,incomplete
1.3.6.1.4.1.14519.5.2.1.6279.6001.102900524780876269300786279905,incomplete
1.3.6.1.4.1.14519.5.2.1.6279.6001.872298293574787924842447249863,incomplete
1.3.6.1.4.1.14519.5.2.1.6279.6001.944888107209008719031293531091,incomplete
1.3.6.1.4.1.14519.5.2.1.6279.6001.243485863133235775415355259899,incomplete
1.3.6.1.4.1.14519.5.2.1.6279.6001.292576688635952269497781991202,incomplete
1.3.6.1.4.1.14519.5.2.1.6279.6001.228943689401023098076976443097,incomplete
1.3.6.1.4.1.14519.5.2.1.6279.6001.174168737938619557573021395302,incomplete
1.3.6.1.4.1.14519.5.2.1.6279.6001.230491296081537726468075344411,incomplete
1.3.6.1.4.1.14519.5.2.1.6279.6001.299261157447612001901163107818,incomplete
1.3.6.1.4.1.14519.5.2.1.6279.6001.307835307280028057486413359377,incomplete
1.3.6.1.4.1.14519.5.2.1.6279.6001.710230379712156460199858995644,incomplete
1.3.6.1.4.1.14519.5.2.1.6279.6001.101619518506864197452353163175,incomplete
1.3.6.1.4.1.14519.5.2.1.6279.6001.321935195060268166151738328001,incomplete
1.3.6.1.4.1.14519.5.2.1.6279.6001.101504633665754372732167574218,incomplete
1.3.6.1.4.1.14519.5.2.1.6279.6001.330544495001617450666819906758,incomplete
1.3.6.1.4.1.14519.5.2.1.6279.6001.188810583335835232643319245598,incomplete
1.3.6.1.4.1.14519.5.2.1.6279.6001.143410010885830403003179808334,incomplete
1.3.6.1.4.1.14519.5.2.1.6279.6001.834524741180852916411312150212,incomplete
1.3.6.1.4.1.14519.5.2.1.6279.6001.866845763956586959109892274084,incomplete
1.3.6.1.4.1.14519.5.2.1.6279.6001.240969450540588211676803094518,incomplete
1.3.6.1.4.1.14519.5.2.1.6279.6001.314117425218552937497323639565,incomplete
1.3.6.1.4.1.14519.5.2.1.6279.6001.822128649427327893802314908658,incomplete
1.3.6.1.4.1.14519.5.2.1.6279.6001.232229956850151024631272429725,incomplete
1.3.6.1.4.1.14519.5.2.1.6279.6001.302946859870541121207409670214,incomplete
1.3.6.1.4.1.14519.5.2.1.6279.6001.614147706162329660656328811671,incomplete
1.3.6.1.4.1.14519.5.2.1.6279.6001.309483256945153562730089381779,incomplete
1.3.6.1.4.1.14519.5.2.1.6279.6001.121993590721161347818774929286,incomplete
1.3.6.1.4.1.14519.5.2.1.6279.6001.292858817456820442575368728516,incomplete
1.3.6.1.4.1.14519.5.2.1.6279.6001.221017801605543296514746423389,incomplete
1.3.6.1.4.1.14519.5.2.1.6279.6001.286769706315602904461487778787,incomplete
1.3.6.1.4.1.14519.5.2.1.6279.6001.242761658169703141430370511586,incomplete
1.3.6.1.4.1.14519.5.2.1.6279.6001.215359817240204199881139923285,incomplete
1.3.6.1.4.1.14519.5.2.1.6279.6001.280972147860943609388015648430,incomplete
1.3.6.1.4.1.14519.5.2.1.6279.6001.200513183558872708878454294671,incomplete
1.3.6.1.4.1.14519.5.2.1.6279.6001.183844250620142399426112799260,incomplete
1.3.6.1.4.1.14519.5.2.1.6279.6001.127965161564033605177803085629,incomplete
1.3.6.1.4.1.14519.5.2.1.6279.6001.277903334736533158779494855081,incomplete
1.3.6.1.4.1.14519.5.2.1.6279.6001.262873069163227096134627700599,incomplete
1.3.6.1.4.1.14519.5.2.1.6279.6001.729393032160994201323913769062,incomplete
1.3.6.1.4.1.14519.5.2.1.6279.6001.266388441216131548624286835700,incomplete
1.3.6.1.4.1.14519.5.2.1.6279.6001.245181799370098278918756923992,incomplete
1.3.6.1.4.1.14519.5.2.1.6279.6001.215871171950559139794948002203,incomplete
1.3.6.1.4.1.14519.5.2.1.6279.6001.217955041973656886482758642958,incomplete
1.3.6.1.4.1.14519.5.2.1.6279.6001.203425588524695836343069893813,incomplete
1.3.6.1.4.1.14519.5.2.1.6279.6001.300967045069639864835893744907,incomplete
1.3.6.1.4.1.14519.5.2.1.6279.6001.368537501176212924664995407115,incomplete
1.3.6.1.4.1.14519.5.2.1.6279.6001.341557859428950960906150406596,incomplete
1.3.6.1.4.1.14519.5.2.1.6279.6001.329316376883917723107946185098,incomplete
1.3.6.1.4.1.14519.5.2.1.6279.6001.249032660919473722154870746474,incomplete
1.3.6.1.4.1.14519.5.2.1.6279.6001.277452631455527999380186898011,incomplete
1.3.6.1.4.1.14519.5.2.1.6279.6001.410365840592575460083574159166,incomplete
1.3.6.1.4.1.14519.5.2.1.6279.6001.321592580403367978777549154870,incomplete
1.3.6.1.4.1.14519.5.2.1.6279.6001.248357157975955379661896491341,incomplete
1.3.6.1.4.1.14519.5.2.1.6279.6001.940378712984091490666801179631,incomplete
1.3.6.1.4.1.14519.5.2.1.6279.6001.176869045992276345870480098568,incomplete
1.3.6.1.4.1.14519.5.2.1.6279.6001.315918264676377418120578391325,incomplete
1.3.6.1.4.1.14519.5.2.1.6279.6001.177207860318316149928777631671,incomplete
1.3.6.1.4.1.14519.5.2.1.6279.6001.268992195564407418480563388746,incomplete
1.3.6.1.4.1.14519.5.2.1.6279.6001.404942010843748926074697579763,incomplete
1.3.6.1.4.1.14519.5.2.1.6279.6001.156190670724166928373489555815,incomplete
1.3.6.1.4.1.14519.5.2.1.6279.6001.621916089407825046337959219998,incomplete
1.3.6.1.4.1.14519.5.2.1.6279.6001.318165737094336595335967914048,incomplete
1.3.6.1.4.1.14519.5.2.1.6279.6001.141149610914910880857802344415,incomplete
1.3.6.1.4.1.14519.5.2.1.6279.6001.212346425055214308006918165305,incomplete
1.3.6.1.4.1.14519.5.2.1.6279.6001.249898650286269800406814965089,incomplete
1.3.6.1.4.1.14519.5.2.1.6279.6001.106379658920626694402549886949,incomplete
1.3.6.1.4.1.14519.5.2.1.6279.6001.201456106349537316145214209907,incomplete
1.3.6.1.4.1.14519.5.2.1.6279.6001.212163494187464282715232736988,incomplete
1.3.6.1.4.1.14519.5.2.1.6279.6001.248360766706804179966476685510,incomplete
1.3.6.1.4.1.14519.5.2.1.6279.6001.297807634790625642724184557301,incomplete
1.3.6.1.4.1.14519.5.2.1.6279.6001.861997885565255340442123234170,incomplete
1.3.6.1.4.1.14519.5.2.1.6279.6001.200837896655745926888305239398,incomplete
1.3.6.1.4.1.14519.5.2.1.6279.6001.136051101671715516914883139074,incomplete
1.3.6.1.4.1.14519.5.2.1.6279.6001.150097650621090951325113116280,incomplete
1.3.6.1.4.1.14519.5.2.1.6279.6001.313683718840700224414223339444,incomplete
1.3.6.1.4.1.14519.5.2.1.6279.6001.832260670372728970918746541371,incomplete
1.3.6.1.4.1.14519.5.2.1.6279.6001.321277722572948252262254762795,incomplete
1.3.6.1.4.1.14519.5.2.1.6279.6001.257840703452266097926250569223,incomplete
1.3.6.1.4.1.14519.5.2.1.6279.6001.465712338305822672735695513309,incomplete
1.3.6.1.4.1.14519.5.2.1.6279.6001.111288636468631776997138987173,incomplete
1.3.6.1.4.1.14519.5.2.1.6279.6001.486999111981013268988489262668,incomplete
1.3.6.1.4.1.14519.5.2.1.6279.6001.128059192202504367870633619224,incomplete
1.3.6.1.4.1.14519.5.2.1.6279.6001.112455586574320606087557135585,incomplete
1.3.6.1.4.1.14519.5.2.1.6279.6001.688308378110454070826773336973,incomplete
1.3.6.1.4.1.14519.5.2.1.6279.6001.395623571499047043765181005112,incomplete
1.3.6.1.4.1.14519.5.2.1.6279.6001.171667800241622018839592854574,incomplete
1.3.6.1.4.1.14519.5.2.1.6279.6001.803852637239868705784740814469,incomplete
1.3.6.1.4.1.14519.5.2.1.6279.6001.680646133733282426972238649816,incomplete
1.3.6.1.4.1.14519.5.2.1.6279.6001.340012777775661021262977442176,incomplete
1.3.6.1.4.1.14519.5.2.1.6279.6001.219618492426142913407827034169,incomplete
1.3.6.1.4.1.14519.5.2.1.6279.6001.281382817714201615159877953485,incomplete
1.3.6.1.4.1.14519.5.2.1.6279.6001.170825539570536865106681134236,incomplete
1.3.6.1.4.1.14519.5.2.1.6279.6001.232212629809419501635995259957,incomplete
1.3.6.1.4.1.14519.5.2.1.6279.6001.211051626197585058967163339846,incomplete
1.3.6.1.4.1.14519.5.2.1.6279.6001.171177995014336749670107905732,incomplete
1.3.6.1.4.1.14519.5.2.1.6279.6001.686193079844756926365065559979,incomplete
1.3.6.1.4.1.14519.5.2.1.6279.6001.166662353777397833477082464008,incomplete
1.3.6.1.4.1.14519.5.2.1.6279.6001.428038562098395445838061018440,incomplete
1.3.6.1.4.1.14519.5.2.1.6279.6001.300693623747082239407271583452,incomplete
1.3.6.1.4.1.14519.5.2.1.6279.6001.326057189095429101398977448288,incomplete
1.3.6.1.4.1.14519.5.2.1.6279.6001.238019241099704094018548301753,incomplete
1.3.6.1.4.1.14519.5.2.1.6279.6001.170921541362033046216100409521,incomplete
1.3.6.1.4.1.14519.5.2.1.6279.6001.324290109423920971676288828329,incomplete
1.3.6.1.4.1.14519.5.2.1.6279.6001.254929810944557499537650429296,incomplete
1.3.6.1.4.1.14519.5.2.1.6279.6001.269689294231892620436462818860,incomplete
1.3.6.1.4.1.14519.5.2.1.6279.6001.316911475886263032009840828684,incomplete
1.3.6.1.4.1.14519.5.2.1.6279.6001.270215889102603268207599305185,incomplete
1.3.6.1.4.1.14519.5.2.1.6279.6001.258063830035095530590787548770,incomplete
1.3.6.1.4.1.14519.5.2.1.6279.6001.111258527162678142285870245028,incomplete
1.3.6.1.4.1.14519.5.2.1.6279.6001.283878926524838648426928238498,incomplete
1.3.6.1.4.1.14519.5.2.1.6279.6001.199261544234308780356714831537,incomplete
1.3.6.1.4.1.14519.5.2.1.6279.6001.136756942516460150151065708673,incomplete
1.3.6.1.4.1.14519.5.2.1.6279.6001.177252583002664900748714851615,incomplete
1.3.6.1.4.1.14519.5.2.1.6279.6001.123697637451437522065941162930,incomplete
1.3.6.1.4.1.14519.5.2.1.6279.6001.322682676064999314374885526223,incomplete
1.3.6.1.4.1.14519.5.2.1.6279.6001.406508755509460310384282367044,incomplete
1.3.6.1.4.1.14519.5.2.1.6279.6001.154677396354641150280013275227,incomplete
1.3.6.1.4.1.14519.5.2.1.6279.6001.160216916075817913953530562493,incomplete
1.3.6.1.4.1.14519.5.2.1.6279.6001.122763913896761494371822656720,incomplete
1.3.6.1.4.1.14519.5.2.1.6279.6001.294188507421106424248264912111,incomplete
1.3.6.1.4.1.14519.5.2.1.6279.6001.439153572396640163898529626096,incomplete
1.3.6.1.4.1.14519.5.2.1.6279.6001.124154461048929153767743874565,incomplete
1.3.6.1.4.1.14519.5.2.1.6279.6001.957384617596077920906744920611,incomplete
1.3.6.1.4.1.14519.5.2.1.6279.6001.235381170872316280538332229850,incomplete
1.3.6.1.4.1.14519.5.2.1.6279.6001.334166493392278943610545989413,incomplete
1.3.6.1.4.1.14519.5.2.1.6279.6001.725023183844147505748475581290,incomplete
1.3.6.1.4.1.14519.5.2.1.6279.6001.191301539558980174217770205256,incomplete
1.3.6.1.4.1.14519.5.2.1.6279.6001.231002159523969307155990628066,incomplete
1.3.6.1.4.1.14519.5.2.1.6279.6001.302403227435841351528721627052,incomplete
1.3.6.1.4.1.14519.5.2.1.6279.6001.229664630348267553620068691756,incomplete
1.3.6.1.4.1.14519.5.2.1.6279.6001.156322145453198768801776721493,incomplete
1.3.6.1.4.1.14519.5.2.1.6279.6001.303865116731361029078599241306,incomplete
1.3.6.1.4.1.14519.5.2.1.6279.6001.191617711875409989053242965150,incomplete
1.3.6.1.4.1.14519.5.2.1.6279.6001.398955972049286139436103068984,incomplete
1.3.6.1.4.1.14519.5.2.1.6279.6001.104577655443617884345707415897,incomplete
1.3.6.1.4.1.14519.5.2.1.6279.6001.159996104466052855396410079250,incomplete
1.3.6.1.4.1.14519.5.2.1.6279.6001.316900421002460665752357657094,incomplete
1.3.6.1.4.1.14519.5.2.1.6279.6001.885292267869246639232975687131,incomplete
1.3.6.1.4.1.14519.5.2.1.6279.6001.315187221221054114974341475212,incomplete
1.3.6.1.4.1.14519.5.2.1.6279.6001.194465340552956447447896167830,incomplete
1.3.6.1.4.1.14519.5.2.1.6279.6001.266462563888243192390432002410,incomplete
1.3.6.1.4.1.14519.5.2.1.6279.6001.130438550890816550994739120843,incomplete
1.3.6.1.4.1.14519.5.2.1.6279.6001.323753921818102744511069914832,incomplete
1.3.6.1.4.1.14519.5.2.1.6279.6001.111496024928645603833332252962,incomplete
1.3.6.1.4.1.14519.5.2.1.6279.6001.199220738144407033276946096708,incomplete
1.3.6.1.4.1.14519.5.2.1.6279.6001.897161587681142256575045076919,incomplete
1.3.6.1.4.1.14519.5.2.1.6279.6001.160124400349792614505500125883,incomplete
1.3.6.1.4.1.14519.5.2.1.6279.6001.271220641987745483198036913951,incomplete
1.3.6.1.4.1.14519.5.2.1.6279.6001.387954549120924524005910602207,incomplete
1.3.6.1.4.1.14519.5.2.1.6279.6001.157537616155071783765339942952,incomplete
1.3.6.1.4.1.14519.5.2.1.6279.6001.296066944953051278419805374238,incomplete
1.3.6.1.4.1.14519.5.2.1.6279.6001.690929968028676628605553365896,incomplete
1.3.6.1.4.1.14519.5.2.1.6279.6001.272343160521796269119503632549,incomplete
1.3.6.1.4.1.14519.5.2.1.6279.6001.121108220866971173712229588402,incomplete
1.3.6.1.4.1.14519.5.2.1.6279.6001.236452051640243530449001532111,incomplete
1.3.6.1.4.1.14519.5.2.1.6279.6001.272042302501586336192628818865,incomplete
1.3.6.1.4.1.14519.5.2.1.6279.6001.112020141051733785092412736928,incomplete
1.3.6.1.4.1.14519.5.2.1.6279.6001.249450003033735700817635168066,incomplete
1.3.6.1.4.1.14519.5.2.1.6279.6001.170344311940983984999167745197,incomplete
1.3.6.1.4.1.14519.5.2.1.6279.6001.147979688121667984912633630926,incomplete
1.3.6.1.4.1.14519.5.2.1.6279.6001.908250781706513856628130123235,incomplete
1.3.6.1.4.1.14519.5.2.1.6279.6001.125067060506283419853742462394,incomplete
1.3.6.1.4.1.14519.5.2.1.6279.6001.179209990684978588019929720099,incomplete
1.3.6.1.4.1.14519.5.2.1.6279.6001.292868422368935585625620199750,incomplete
1.3.6.1.4.1.14519.5.2.1.6279.6001.449780571702869645673186059985,incomplete
1.3.6.1.4.1.14519.5.2.1.6279.6001.177888806135892723698313903329,incomplete
1.3.6.1.4.1.14519.5.2.1.6279.6001.306140003699110313373771452136,incomplete
1.3.6.1.4.1.14519.5.2.1.6279.6001.184412674007117333405073397832,incomplete
1.3.6.1.4.1.14519.5.2.1.6279.6001.207544473852086582434957174616,incomplete
1.3.6.1.4.1.14519.5.2.1.6279.6001.802846969823720586279982179144,incomplete
1.3.6.1.4.1.14519.5.2.1.6279.6001.205615524269596458818376243313,incomplete
1.3.6.1.4.1.14519.5.2.1.6279.6001.440226700369921575481834344455,incomplete
1.3.6.1.4.1.14519.5.2.1.6279.6001.326084450802794941185111945926,incomplete
1.3.6.1.4.1.14519.5.2.1.6279.6001.149594025507110912206042203576,incomplete
1.3.6.1.4.1.14519.5.2.1.6279.6001.618434772073433276874225174904,incomplete
1.3.6.1.4.1.14519.5.2.1.6279.6001.297251044869095073091780740645,incomplete
1.3.6.1.4.1.14519.5.2.1.6279.6001.483655032093002252444764787700,incomplete
1.3.6.1.4.1.14519.5.2.1.6279.6001.292994770358625142596171316474,incomplete
1.3.6.1.4.1.14519.5.2.1.6279.6001.119806527488108718706404165837,incomplete
1.3.6.1.4.1.14519.5.2.1.6279.6001.799582546798528864710752164515,incomplete
1.3.6.1.4.1.14519.5.2.1.6279.6001.826812708000318290301835871780,incomplete
1.3.6.1.4.1.14519.5.2.1.6279.6001.231645134739451754302647733304,incomplete
1.3.6.1.4.1.14519.5.2.1.6279.6001.295462530340364058116953738925,incomplete
1.3.6.1.4.1.14519.5.2.1.6279.6001.135792297492008425859352725148,incomplete
1.3.6.1.4.1.14519.5.2.1.6279.6001.620476670380256054392660616754,incomplete
1.3.6.1.4.1.14519.5.2.1.6279.6001.262736997975960398949912434623,incomplete
1.3.6.1.4.1.14519.5.2.1.6279.6001.141174904898798023569427533813,incomplete
1.3.6.1.4.1.14519.5.2.1.6279.6001.242008481133355578039985255654,incomplete
1.3.6.1.4.1.14519.5.2.1.6279.6001.205852555362702089950453265567,incomplete
1.3.6.1.4.1.14519.5.2.1.6279.6001.268030488196493755113553009785,incomplete
1.3.6.1.4.1.14519.5.2.1.6279.6001.223650122819238796121876338881,incomplete
1.3.6.1.4.1.14519.5.2.1.6279.6001.206200456333833579428083808192,incomplete
1.3.6.1.4.1.14519.5.2.1.6279.6001.264251211689085893915477907261,incomplete
1.3.6.1.4.1.14519.5.2.1.6279.6001.207341668080525761926965850679,incomplete
1.3.6.1.4.1.14519.5.2.1.6279.6001.334184846571549530235084187602,incomplete
1.3.6.1.4.1.14519.5.2.1.6279.6001.741173887596751104298730976972,incomplete
1.3.6.1.4.1.14519.5.2.1.6279.6001.948571344159440282864365970915,incomplete
1.3.6.1.4.1.14519.5.2.1.6279.6001.295420274214095686326263147663,incomplete
1.3.6.1.4.1.14519.5.2.1.6279.6001.200558451375970945040979397866,incomplete
1.3.6.1.4.1.14519.5.2.1.6279.6001.176638348958425792989125209419,incomplete
1.3.6.1.4.1.14519.5.2.1.6279.6001.638926179252009401630131318338,incomplete
1.3.6.1.4.1.14519.5.2.1.6279.6001.306558074682524259000586270818,incomplete
1.3.6.1.4.1.14519.5.2.1.6279.6001.276831325040358815613434606380,incomplete
1.3.6.1.4.1.14519.5.2.1.6279.6001.188376349804761988217597754952,incomplete
1.3.6.1.4.1.14519.5.2.1.6279.6001.141430002307216644912805017227,incomplete
1.3.6.1.4.1.14519.5.2.1.6279.6001.237428977311365557972720635401,incomplete
1.3.6.1.4.1.14519.5.2.1.6279.6001.120196332569034738680965284519,incomplete
1.3.6.1.4.1.14519.5.2.1.6279.6001.952265563663939823135367733681,incomplete
1.3.6.1.4.1.14519.5.2.1.6279.6001.169128136262002764211589185953,incomplete
1.3.6.1.4.1.14519.5.2.1.6279.6001.897684031374557757145405000951,incomplete
1.3.6.1.4.1.14519.5.2.1.6279.6001.338104567770715523699587505022,incomplete
1.3.6.1.4.1.14519.5.2.1.6279.6001.693480911433291675609148051914,incomplete
1.3.6.1.4.1.14519.5.2.1.6279.6001.205523326998654833765855998037,incomplete
1.3.6.1.4.1.14519.5.2.1.6279.6001.100620385482151095585000946543,incomplete
1.3.6.1.4.1.14519.5.2.1.6279.6001.305858704835252413616501469037,incomplete
1.3.6.1.4.1.14519.5.2.1.6279.6001.199282854229880908602362094937,incomplete
1.3.6.1.4.1.14519.5.2.1.6279.6001.217754016294471278921686508169,incomplete
1.3.6.1.4.1.14519.5.2.1.6279.6001.269075535958871753309238331179,incomplete
1.3.6.1.4.1.14519.5.2.1.6279.6001.277445975068759205899107114231,incomplete
1.3.6.1.4.1.14519.5.2.1.6279.6001.259737874318594997287940213435,incomplete
1.3.6.1.4.1.14519.5.2.1.6279.6001.504324996863016748259361352296,incomplete
1.3.6.1.4.1.14519.5.2.1.6279.6001.110499927630654433643791451680,incomplete
1.3.6.1.4.1.14519.5.2.1.6279.6001.254957696184671649675053562027,incomplete
1.3.6.1.4.1.14519.5.2.1.6279.6001.569096986145782511000054443951,incomplete
1.3.6.1.4.1.14519.5.2.1.6279.6001.276556509002726404418399209377,incomplete
1.3.6.1.4.1.14519.5.2.1.6279.6001.312127933722985204808706697221,incomplete
1.3.6.1.4.1.14519.5.2.1.6279.6001.331136451298749863730308327406,incomplete
1.3.6.1.4.1.14519.5.2.1.6279.6001.414288023902112119945238126594,incomplete
1.3.6.1.4.1.14519.5.2.1.6279.6001.282512043257574309474415322775,incomplete
1.3.6.1.4.1.14519.5.2.1.6279.6001.314519596680450457855054746285,incomplete
1.3.6.1.4.1.14519.5.2.1.6279.6001.346115813056769250958550383763,incomplete
1.3.6.1.4.1.14519.5.2.1.6279.6001.118924792893665851774878880764,incomplete
1.3.6.1.4.1.14519.5.2.1.6279.6001.267519732763035023633235877753,incomplete
1.3.6.1.4.1.14519.5.2.1.6279.6001.197987940182806628828566429132,incomplete
1.3.6.1.4.1.14519.5.2.1.6279.6001.323899724653546164058849558431,incomplete
1.3.6.1.4.1.14519.5.2.1.6279.6001.392861216720727557882279374324,incomplete
1.3.6.1.4.1.14519.5.2.1.6279.6001.168985655485163461062675655739,incomplete
1.3.6.1.4.1.14519.5.2.1.6279.6001.213022585153512920098588556742,incomplete
1.3.6.1.4.1.14519.5.2.1.6279.6001.259543921154154401875872845498,incomplete
1.3.6.1.4.1.14519.5.2.1.6279.6001.292049618819567427252971059233,incomplete
1.3.6.1.4.1.14519.5.2.1.6279.6001.404303213662391867606219459686,incomplete
1.3.6.1.4.1.14519.5.2.1.6279.6001.251204142823446211001577555181,incomplete
1.3.6.1.4.1.14519.5.2.1.6279.6001.300724599751226863091983308838,incomplete
1.3.6.1.4.1.14519.5.2.1.6279.6001.126264578931778258890371755354,incomplete
1.3.6.1.4.1.14519.5.2.1.6279.6001.557875302364105947813979213632,incomplete
1.3.6.1.4.1.14519.5.2.1.6279.6001.297433269262659217151107535012,incomplete
1.3.6.1.4.1.14519.5.2.1.6279.6001.221945191226273284587353530424,incomplete
1.3.6.1.4.1.14519.5.2.1.6279.6001.226813447046845316215094488309,incomplete
1.3.6.1.4.1.14519.5.2.1.6279.6001.335799017122466251265955525941,incomplete
1.3.6.1.4.1.14519.5.2.1.6279.6001.202464973819273687476049035824,incomplete
1.3.6.1.4.1.14519.5.2.1.6279.6001.335866409407244673864352309754,incomplete
1.3.6.1.4.1.14519.5.2.1.6279.6001.394470743585708729682444806008,incomplete
1.3.6.1.4.1.14519.5.2.1.6279.6001.324649110927013926557500550446,incomplete
1.3.6.1.4.1.14519.5.2.1.6279.6001.173101104804533997398137418032,incomplete
1.3.6.1.4.1.14519.5.2.1.6279.6001.321465552859463184018938648244,incomplete
1.3.6.1.4.1.14519.5.2.1.6279.6001.224259636925435364427994488842,incomplete
1.3.6.1.4.1.14519.5.2.1.6279.6001.215640837032688688030770057224,incomplete
1.3.6.1.4.1.14519.5.2.1.6279.6001.109002525524522225658609808059,incomplete
1.3.6.1.4.1.14519.5.2.1.6279.6001.230416590143922549745658357505,incomplete
1.3.6.1.4.1.14519.5.2.1.6279.6001.241083615484551649610616348856,incomplete
1.3.6.1.4.1.14519.5.2.1.6279.6001.259123825760999546551970425757,incomplete
1.3.6.1.4.1.14519.5.2.1.6279.6001.307921770358136677021532761235,incomplete
1.3.6.1.4.1.14519.5.2.1.6279.6001.261678072503577216586082745513,incomplete
1.3.6.1.4.1.14519.5.2.1.6279.6001.125356649712550043958727288500,incomplete
1.3.6.1.4.1.14519.5.2.1.6279.6001.179162671133894061547290922949,incomplete
1.3.6.1.4.1.14519.5.2.1.6279.6001.319066480138812986026181758474,incomplete
1.3.6.1.4.1.14519.5.2.1.6279.6001.362762275895885013176610377950,incomplete
1.3.6.1.4.1.14519.5.2.1.6279.6001.183184435049555024219115904825,incomplete
1.3.6.1.4.1.14519.5.2.1.6279.6001.922852847124879997825997808179,incomplete
1.3.6.1.4.1.14519.5.2.1.6279.6001.148229375703208214308676934766,incomplete
1.3.6.1.4.1.14519.5.2.1.6279.6001.558286136379689377915919180358,incomplete
1.3.6.1.4.1.14519.5.2.1.6279.6001.139713436241461669335487719526,incomplete
1.3.6.1.4.1.14519.5.2.1.6279.6001.275007193025729362844652516689,incomplete
1.3.6.1.4.1.14519.5.2.1.6279.6001.143782059748737055784173697516,incomplete
1.3.6.1.4.1.14519.5.2.1.6279.6001.258220324170977900491673635112,incomplete
1.3.6.1.4.1.14519.5.2.1.6279.6001.625270601160880745954773142570,incomplete
1.3.6.1.4.1.14519.5.2.1.6279.6001.303421828981831854739626597495,incomplete
1.3.6.1.4.1.14519.5.2.1.6279.6001.184019785706727365023450012318,incomplete
1.3.6.1.4.1.14519.5.2.1.6279.6001.994459772950022352718462251777,incomplete
1.3.6.1.4.1.14519.5.2.1.6279.6001.190937805243443708408459490152,incomplete
1.3.6.1.4.1.14519.5.2.1.6279.6001.969607480572818589276327766720,incomplete
1.3.6.1.4.1.14519.5.2.1.6279.6001.140642535005388188316143069436,incomplete
1.3.6.1.4.1.14519.5.2.1.6279.6001.478062284228419671253422844986,incomplete
1.3.6.1.4.1.14519.5.2.1.6279.6001.250397690690072950000431855143,incomplete
1.3.6.1.4.1.14519.5.2.1.6279.6001.188385286346390202873004762827,incomplete
1.3.6.1.4.1.14519.5.2.1.6279.6001.211071908915618528829547301883,incomplete
1.3.6.1.4.1.14519.5.2.1.6279.6001.107351566259572521472765997306,incomplete
1.3.6.1.4.1.14519.5.2.1.6279.6001.979083010707182900091062408058,incomplete
1.3.6.1.4.1.14519.5.2.1.6279.6001.319009811633846643966578282371,incomplete
1.3.6.1.4.1.14519.5.2.1.6279.6001.608029415915051219877530734559,incomplete
1.3.6.1.4.1.14519.5.2.1.6279.6001.132435134414676494105851714351,incomplete
1.3.6.1.4.1.14519.5.2.1.6279.6001.145600217263993824806929968211,incomplete
1.3.6.1.4.1.14519.5.2.1.6279.6001.114249388265341701207347458535,incomplete
1.3.6.1.4.1.14519.5.2.1.6279.6001.300270516469599170290456821227,incomplete
1.3.6.1.4.1.14519.5.2.1.6279.6001.193964947698259739624715468431,incomplete
1.3.6.1.4.1.14519.5.2.1.6279.6001.274052674198758621258447180130,incomplete
1.3.6.1.4.1.14519.5.2.1.6279.6001.247816269490470394602288565775,incomplete
1.3.6.1.4.1.14519.5.2.1.6279.6001.290135156874098366424871975734,incomplete
1.3.6.1.4.1.14519.5.2.1.6279.6001.187966156856911682643615997798,incomplete
1.3.6.1.4.1.14519.5.2.1.6279.6001.443400977949406454649939526179,incomplete
1.3.6.1.4.1.14519.5.2.1.6279.6001.997611074084993415992563148335,incomplete
1.3.6.1.4.1.14519.5.2.1.6279.6001.145474881373882284343459153872,incomplete
1.3.6.1.4.1.14519.5.2.1.6279.6001.504845428620607044098514803031,incomplete
1.3.6.1.4.1.14519.5.2.1.6279.6001.111780708132595903430640048766,incomplete
1.3.6.1.4.1.14519.5.2.1.6279.6001.961063442349005937536597225349,incomplete
1.3.6.1.4.1.14519.5.2.1.6279.6001.206310993373699650907461884037,incomplete
1.3.6.1.4.1.14519.5.2.1.6279.6001.265780642925621389994857727416,incomplete
1.3.6.1.4.1.14519.5.2.1.6279.6001.149463915556499304732434215056,incomplete
1.3.6.1.4.1.14519.5.2.1.6279.6001.900182736599353600185270496549,incomplete
1.3.6.1.4.1.14519.5.2.1.6279.6001.259018373683540453277752706262,incomplete
1.3.6.1.4.1.14519.5.2.1.6279.6001.139577698050713461261415990027,incomplete
1.3.6.1.4.1.14519.5.2.1.6279.6001.275986221854423197884953496664,incomplete
1.3.6.1.4.1.14519.5.2.1.6279.6001.162207236104936931957809623059,incomplete
1.3.6.1.4.1.14519.5.2.1.6279.6001.291539125579672469833850180824,incomplete
1.3.6.1.4.1.14519.5.2.1.6279.6001.339039410276356623209709113755,incomplete
1.3.6.1.4.1.14519.5.2.1.6279.6001.283733738239331719775105586296,incomplete
1.3.6.1.4.1.14519.5.2.1.6279.6001.330043769832606379655473292782,incomplete
1.3.6.1.4.1.14519.5.2.1.6279.6001.230078008964732806419498631442,incomplete
1.3.6.1.4.1.14519.5.2.1.6279.6001.970264865033574190975654369557,incomplete
1.3.6.1.4.1.14519.5.2.1.6279.6001.792381786708289670758399079830,incomplete
1.3.6.1.4.1.14519.5.2.1.6279.6001.292287048883545067541391539652,incomplete
1.3.6.1.4.1.14519.5.2.1.6279.6001.248425363469507808613979846863,incomplete
1.3.6.1.4.1.14519.5.2.1.6279.6001.150684298696437181894923266019,incomplete
1.3.6.1.4.1.14519.5.2.1.6279.6001.793644252453691436883431768064,incomplete
1.3.6.1.4.1.14519.5.2.1.6279.6001.314789075871001236641548593165,incomplete
1.3.6.1.4.1.14519.5.2.1.6279.6001.291156498203266896953765649282,incomplete
1.3.6.1.4.1.14519.5.2.1.6279.6001.301462380687644451483231621986,incomplete
1.3.6.1.4.1.14519.5.2.1.6279.6001.404768898286087278137462774930,incomplete
1.3.6.1.4.1.14519.5.2.1.6279.6001.200783211179294046901893379828,incomplete
1.3.6.1.4.1.14519.5.2.1.6279.6001.161855583909753609742728521805,incomplete
1.3.6.1.4.1.14519.5.2.1.6279.6001.657775098760536289051744981056,incomplete
1.3.6.1.4.1.14519.5.2.1.6279.6001.373433682859788429397781158572,incomplete
1.3.6.1.4.1.14519.5.2.1.6279.6001.109882169963817627559804568094,incomplete
1.3.6.1.4.1.14519.5.2.1.6279.6001.526570782606728516388531252230,incomplete
1.3.6.1.4.1.14519.5.2.1.6279.6001.168737928729363683423228050295,incomplete
1.3.6.1.4.1.14519.5.2.1.6279.6001.811825890493256320617655474043,incomplete
1.3.6.1.4.1.14519.5.2.1.6279.6001.202476538079060560282495099956,incomplete
1.3.6.1.4.1.14519.5.2.1.6279.6001.501205984478455794251416553685,incomplete
1.3.6.1.4.1.14519.5.2.1.6279.6001.710845873679853791427022019413,incomplete
1.3.6.1.4.1.14519.5.2.1.6279.6001.222087811960706096424718056430,incomplete
1.3.6.1.4.1.14519.5.2.1.6279.6001.187694838527128312070807533473,incomplete
1.3.6.1.4.1.14519.5.2.1.6279.6001.663019255629770796363333877035,incomplete
1.3.6.1.4.1.14519.5.2.1.6279.6001.212608679077007918190529579976,incomplete
1.3.6.1.4.1.14519.5.2.1.6279.6001.842317928015463083368074520378,incomplete
1.3.6.1.4.1.14519.5.2.1.6279.6001.716498695101447665580610403574,incomplete
1.3.6.1.4.1.14519.5.2.1.6279.6001.180720061816899490466115851736,incomplete
1.3.6.1.4.1.14519.5.2.1.6279.6001.271181474656996637903928248007,incomplete
1.3.6.1.4.1.14519.5.2.1.6279.6001.235217371152464582553341729176,incomplete
1.3.6.1.4.1.14519.5.2.1.6279.6001.168605638657404145360275453085,incomplete
1.3.6.1.4.1.14519.5.2.1.6279.6001.561458563853929400124470098603,incomplete
1.3.6.1.4.1.14519.5.2.1.6279.6001.203179378754043776171267611064,incomplete
1.3.6.1.4.1.14519.5.2.1.6279.6001.273509906901630724765262021367,incomplete
1.3.6.1.4.1.14519.5.2.1.6279.6001.255233548387770235844350895151,incomplete
1.3.6.1.4.1.14519.5.2.1.6279.6001.204802250386343794613980417281,incomplete
1.3.6.1.4.1.14519.5.2.1.6279.6001.725236073737175770730904408416,incomplete
1.3.6.1.4.1.14519.5.2.1.6279.6001.110399334711437930497698442208,incomplete
1.3.6.1.4.1.14519.5.2.1.6279.6001.270788655216695628640355888562,incomplete
1.3.6.1.4.1.14519.5.2.1.6279.6001.270152671889301412052226973069,incomplete
1.3.6.1.4.1.14519.5.2.1.6279.6001.156821379677057223126714881626,incomplete
1.3.6.1.4.1.14519.5.2.1.6279.6001.154837327827713479309898027966,incomplete
1.3.6.1.4.1.14519.5.2.1.6279.6001.965620538050807352935663552285,incomplete
1.3.6.1.4.1.14519.5.2.1.6279.6001.306788423710427765311352901943,incomplete
1.3.6.1.4.1.14519.5.2.1.6279.6001.163994693532965040247348251579,incomplete
1.3.6.1.4.1.14519.5.2.1.6279.6001.275849601663847251574860892603,incomplete
1.3.6.1.4.1.14519.5.2.1.6279.6001.226889213794065160713547677129,incomplete
1.3.6.1.4.1.14519.5.2.1.6279.6001.129055977637338639741695800950,incomplete
1.3.6.1.4.1.14519.5.2.1.6279.6001.447468612991222399440694673357,incomplete
1.3.6.1.4.1.14519.5.2.1.6279.6001.311476128731958142981941696518,incomplete
1.3.6.1.4.1.14519.5.2.1.6279.6001.144438612068946916340281098509,incomplete
1.3.6.1.4.1.14519.5.2.1.6279.6001.219087313261026510628926082729,incomplete
1.3.6.1.4.1.14519.5.2.1.6279.6001.671278273674156798801285503514,incomplete
1.3.6.1.4.1.14519.5.2.1.6279.6001.292057261351416339496913597985,incomplete
1.3.6.1.4.1.14519.5.2.1.6279.6001.272259794130271010519952623746,incomplete
1.3.6.1.4.1.14519.5.2.1.6279.6001.137375498893536422914241295628,incomplete
1.3.6.1.4.1.14519.5.2.1.6279.6001.179683407589764683292800449011,incomplete
1.3.6.1.4.1.14519.5.2.1.6279.6001.156016499715048493339281864474,incomplete
1.3.6.1.4.1.14519.5.2.1.6279.6001.121824995088859376862458155637,incomplete
1.3.6.1.4.1.14519.5.2.1.6279.6001.131150737314367975651717513386,incomplete
1.3.6.1.4.1.14519.5.2.1.6279.6001.268589491017129166376960414534,incomplete
1.3.6.1.4.1.14519.5.2.1.6279.6001.253317247142837717905329340520,incomplete
1.3.6.1.4.1.14519.5.2.1.6279.6001.331079701650130000691651987949,incomplete
1.3.6.1.4.1.14519.5.2.1.6279.6001.216526102138308489357443843021,incomplete
1.3.6.1.4.1.14519.5.2.1.6279.6001.743969234977916254223533321294,incomplete
1.3.6.1.4.1.14519.5.2.1.6279.6001.877026508860018521147620598474,incomplete
1.3.6.1.4.1.14519.5.2.1.6279.6001.323132750133803288886848693067,incomplete
1.3.6.1.4.1.14519.5.2.1.6279.6001.313605260055394498989743099991,incomplete
1.3.6.1.4.1.14519.5.2.1.6279.6001.404457313935200882843898832756,incomplete
1.3.6.1.4.1.14519.5.2.1.6279.6001.237215747217294006286437405216,incomplete
1.3.6.1.4.1.14519.5.2.1.6279.6001.116492508532884962903000261147,incomplete
1.3.6.1.4.1.14519.5.2.1.6279.6001.124822907934319930841506266464,incomplete
1.3.6.1.4.1.14519.5.2.1.6279.6001.130765375502800983459674173881,incomplete
1.3.6.1.4.1.14519.5.2.1.6279.6001.213140617640021803112060161074,incomplete
1.3.6.1.4.1.14519.5.2.1.6279.6001.955688628308192728558382581802,incomplete
1.3.6.1.4.1.14519.5.2.1.6279.6001.232011770495640253949434620907,incomplete
1.3.6.1.4.1.14519.5.2.1.6279.6001.245546033414728092794968890929,incomplete
1.3.6.1.4.1.14519.5.2.1.6279.6001.151669338315069779994664893123,incomplete
1.3.6.1.4.1.14519.5.2.1.6279.6001.245248446973732759194067808002,incomplete
1.3.6.1.4.1.14519.5.2.1.6279.6001.173556680294801532247454313511,incomplete
1.3.6.1.4.1.14519.5.2.1.6279.6001.797637294244261543517154417124,incomplete
1.3.6.1.4.1.14519.5.2.1.6279.6001.228049788831266512062175089637,incomplete
1.3.6.1.4.1.14519.5.2.1.6279.6001.306520140119968755187868602181,incomplete
1.3.6.1.4.1.14519.5.2.1.6279.6001.228934821089041845791238006047,incomplete
1.3.6.1.4.1.14519.5.2.1.6279.6001.323859712968543712594665815359,incomplete
1.3.6.1.4.1.14519.5.2.1.6279.6001.186809786614942675852829709376,incomplete
1.3.6.1.4.1.14519.5.2.1.6279.6001.939152384493874708850321969356,incomplete
1.3.6.1.4.1.14519.5.2.1.6279.6001.139444426690868429919252698606,incomplete
1.3.6.1.4.1.14519.5.2.1.6279.6001.475325201787910087416720919680,incomplete
1.3.6.1.4.1.14519.5.2.1.6279.6001.224465398054769500989828256685,incomplete
1.3.6.1.4.1.14519.5.2.1.6279.6001.246758220302211646532176593724,incomplete
1.3.6.1.4.1.14519.5.2.1.6279.6001.553241901808946577644850294647,incomplete
1.3.6.1.4.1.14519.5.2.1.6279.6001.217697417596902141600884006982,incomplete
1.3.6.1.4.1.14519.5.2.1.6279.6001.110678335949765929063942738609,incomplete
1.3.6.1.4.1.14519.5.2.1.6279.6001.168833925301530155818375859047,incomplete
1.3.6.1.4.1.14519.5.2.1.6279.6001.255409701134762680010928250229,incomplete
1.3.6.1.4.1.14519.5.2.1.6279.6001.334517907433161353885866806005,incomplete
1.3.6.1.4.1.14519.5.2.1.6279.6001.201890795870532056891161597218,incomplete
1.3.6.1.4.1.14519.5.2.1.6279.6001.174692377730646477496286081479,incomplete
1.3.6.1.4.1.14519.5.2.1.6279.6001.167500254299688235071950909530,incomplete
1.3.6.1.4.1.14519.5.2.1.6279.6001.198489333332254008035861390326,incomplete
1.3.6.1.4.1.14519.5.2.1.6279.6001.301582691063019848479942618641,incomplete
1.3.6.1.4.1.14519.5.2.1.6279.6001.241570579760883349458693655367,incomplete
1.3.6.1.4.1.14519.5.2.1.6279.6001.229171189693734694696158152904,incomplete
1.3.6.1.4.1.14519.5.2.1.6279.6001.218476624578721885561483687176,incomplete
1.3.6.1.4.1.14519.5.2.1.6279.6001.188619674701053082195613114069,incomplete
1.3.6.1.4.1.14519.5.2.1.6279.6001.190298296009658115773239776160,incomplete
1.3.6.1.4.1.14519.5.2.1.6279.6001.167237290696350215427953159586,incomplete
1.3.6.1.4.1.14519.5.2.1.6279.6001.146429221666426688999739595820,incomplete
1.3.6.1.4.1.14519.5.2.1.6279.6001.286627485198831346082954437212,incomplete
1.3.6.1.4.1.14519.5.2.1.6279.6001.199670099218798685977406484591,incomplete
1.3.6.1.4.1.14519.5.2.1.6279.6001.300271604576987336866436407488,incomplete
1.3.6.1.4.1.14519.5.2.1.6279.6001.226383054119800793308721198594,incomplete
1.3.6.1.4.1.14519.5.2.1.6279.6001.627998298349675613581885874395,incomplete
1.3.6.1.4.1.14519.5.2.1.6279.6001.776800177074349870648765614630,incomplete
1.3.6.1.4.1.14519.5.2.1.6279.6001.161821150841552408667852639317,incomplete
1.3.6.1.4.1.14519.5.2.1.6279.6001.299476369290630280560355838785,incomplete
1.3.6.1.4.1.14519.5.2.1.6279.6001.171919524048654494439256263785,incomplete
1.3.6.1.4.1.14519.5.2.1.6279.6001.927394449308471452920270961822,incomplete
1.3.6.1.4.1.14519.5.2.1.6279.6001.339484970190920330170416228517,incomplete
1.3.6.1.4.1.14519.5.2.1.6279.6001.191266041369462391833537519639,incomplete
1.3.6.1.4.1.14519.5.2.1.6279.6001.162901839201654862079549658100,incomplete
1.3.6.1.4.1.14519.5.2.1.6279.6001.281489753704424911132261151767,incomplete
1.3.6.1.4.1.14519.5.2.1.6279.6001.210353683590129128335470610043,incomplete
1.3.6.1.4.1.14519.5.2.1.6279.6001.125124219978170516876304987559,incomplete
1.3.6.1.4.1.14519.5.2.1.6279.6001.227796349777753378641347819780,incomplete
1.3.6.1.4.1.14519.5.2.1.6279.6001.133132722052053001903031735878,incomplete
1.3.6.1.4.1.14519.5.2.1.6279.6001.175773779529863791864938329989,incomplete
1.3.6.1.4.1.14519.5.2.1.6279.6001.293593766328917170359373773080,incomplete
1.3.6.1.4.1.14519.5.2.1.6279.6001.699408489230474820984000839814,incomplete
1.3.6.1.4.1.14519.5.2.1.6279.6001.299767339686526858593516834230,incomplete
1.3.6.1.4.1.14519.5.2.1.6279.6001.245391706475696258069508046497,incomplete
1.3.6.1.4.1.14519.5.2.1.6279.6001.910607280658963002048724648683,incomplete
1.3.6.1.4.1.14519.5.2.1.6279.6001.311236942972970815890902714604,incomplete
1.3.6.1.4.1.14519.5.2.1.6279.6001.231834776365874788440767645596,incomplete
1.3.6.1.4.1.14519.5.2.1.6279.6001.670107649586205629860363487713,incomplete
1.3.6.1.4.1.14519.5.2.1.6279.6001.202187810895588720702176009630,incomplete
1.3.6.1.4.1.14519.5.2.1.6279.6001.162845309248822193437735868939,incomplete
1.3.6.1.4.1.14519.5.2.1.6279.6001.276351267409869539593937734609,incomplete
1.3.6.1.4.1.14519.5.2.1.6279.6001.152706273988004688708784163325,incomplete
1.3.6.1.4.1.14519.5.2.1.6279.6001.152684536713461901635595118048,incomplete
1.3.6.1.4.1.14519.5.2.1.6279.6001.397522780537301776672854630421,incomplete
1.3.6.1.4.1.14519.5.2.1.6279.6001.252814707117018427472206147014,incomplete
1.3.6.1.4.1.14519.5.2.1.6279.6001.143813757344903170810482790787,incomplete
1.3.6.1.4.1.14519.5.2.1.6279.6001.204303454658845815034433453512,incomplete
1.3.6.1.4.1.14519.5.2.1.6279.6001.113586291551175790743673929831,incomplete
1.3.6.1.4.1.14519.5.2.1.6279.6001.167919147233131417984739058859,incomplete
1.3.6.1.4.1.14519.5.2.1.6279.6001.226456162308124493341905600418,incomplete
1.3.6.1.4.1.14519.5.2.1.6279.6001.226564372605239604660221582288,incomplete
1.3.6.1.4.1.14519.5.2.1.6279.6001.130036599816889919308975074972,incomplete
1.3.6.1.4.1.14519.5.2.1.6279.6001.185226274332527104841463955058,incomplete
1.3.6.1.4.1.14519.5.2.1.6279.6001.317613170669207528926259976488,incomplete
1.3.6.1.4.1.14519.5.2.1.6279.6001.147250707071097813243473865421,incomplete
1.3.6.1.4.1.14519.5.2.1.6279.6001.325580698241281352835338693869,incomplete
1.3.6.1.4.1.14519.5.2.1.6279.6001.215086589927307766627151367533,incomplete
1.3.6.1.4.1.14519.5.2.1.6279.6001.199069398344356765037879821616,incomplete
1.3.6.1.4.1.14519.5.2.1.6279.6001.139595277234735528205899724196,incomplete
1.3.6.1.4.1.14519.5.2.1.6279.6001.121805476976020513950614465787,incomplete
1.3.6.1.4.1.14519.5.2.1.6279.6001.980362852713685276785310240144,incomplete
1.3.6.1.4.1.14519.5.2.1.6279.6001.964952370561266624992539111877,incomplete
1.3.6.1.4.1.14519.5.2.1.6279.6001.329334252028672866365623335798,incomplete
1.3.6.1.4.1.14519.5.2.1.6279.6001.119209873306155771318545953948,incomplete
1.3.6.1.4.1.14519.5.2.1.6279.6001.385151742584074711135621089321,incomplete
1.3.6.1.4.1.14519.5.2.1.6279.6001.308655308958459380153492314021,incomplete
1.3.6.1.4.1.14519.5.2.1.6279.6001.143412474064515942785157561636,incomplete
1.3.6.1.4.1.14519.5.2.1.6279.6001.910757789941076242457816491305,incomplete
1.3.6.1.4.1.14519.5.2.1.6279.6001.202643836890896697853521610450,incomplete
1.3.6.1.4.1.14519.5.2.1.6279.6001.814122498113547115932318256859,incomplete
1.3.6.1.4.1.14519.5.2.1.6279.6001.270951128717816232360812849541,incomplete
1.3.6.1.4.1.14519.5.2.1.6279.6001.329326052298830421573852261436,incomplete
1.3.6.1.4.1.14519.5.2.1.6279.6001.277662902666135640561346462196,incomplete
1.3.6.1.4.1.14519.5.2.1.6279.6001.449254134266555649028108149727,incomplete
1.3.6.1.4.1.14519.5.2.1.6279.6001.196619392240146451912217585346,incomplete
1.3.6.1.4.1.14519.5.2.1.6279.6001.111172165674661221381920536987,incomplete
1.3.6.1.4.1.14519.5.2.1.6279.6001.138674679709964033277400089532,incomplete
1.3.6.1.4.1.14519.5.2.1.6279.6001.850739282072340578344345230132,incomplete
1.3.6.1.4.1.14519.5.2.1.6279.6001.153181766344026020914478182395,incomplete
1.3.6.1.4.1.14519.5.2.1.6279.6001.888615810685807330497715730842,incomplete
1.3.6.1.4.1.14519.5.2.1.6279.6001.326853837126361167310734933887,incomplete
1.3.6.1.4.1.14519.5.2.1.6279.6001.195557219224169985110295082004,incomplete
1.3.6.1.4.1.14519.5.2.1.6279.6001.404364125369979066736354549484,incomplete
1.3.6.1.4.1.14519.5.2.1.6279.6001.285926554490515269336267972830,incomplete
1.3.6.1.4.1.14519.5.2.1.6279.6001.194246472548954252250399902051,incomplete
1.3.6.1.4.1.14519.5.2.1.6279.6001.145759169833745025756371695397,incomplete
1.3.6.1.4.1.14519.5.2.1.6279.6001.943403138251347598519939390311,incomplete
1.3.6.1.4.1.14519.5.2.1.6279.6001.129567032250534530765928856531,incomplete
1.3.6.1.4.1.14519.5.2.1.6279.6001.227885601428639043345478571594,incomplete
1.3.6.1.4.1.14519.5.2.1.6279.6001.208511362832825683639135205368,incomplete
1.3.6.1.4.1.14519.5.2.1.6279.6001.192419869605596446455526220766,incomplete
1.3.6.1.4.1.14519.5.2.1.6279.6001.286422846896797433168187085942,incomplete
1.3.6.1.4.1.14519.5.2.1.6279.6001.138080888843357047811238713686,incomplete
1.3.6.1.4.1.14519.5.2.1.6279.6001.205993750485568250373835565680,incomplete
1.3.6.1.4.1.14519.5.2.1.6279.6001.249530219848512542668813996730,incomplete
1.3.6.1.4.1.14519.5.2.1.6279.6001.603166427542096384265514998412,incomplete
1.3.6.1.4.1.14519.5.2.1.6279.6001.254921765503801141457177972447,incomplete
1.3.6.1.4.1.14519.5.2.1.6279.6001.213262690132344539993794081003,incomplete
1.3.6.1.4.1.14519.5.2.1.6279.6001.309707676674808510671394142910,incomplete
1.3.6.1.4.1.14519.5.2.1.6279.6001.100530488926682752765845212286,incomplete
1.3.6.1.4.1.14519.5.2.1.6279.6001.741709061958490690246385302477,incomplete
1.3.6.1.4.1.14519.5.2.1.6279.6001.205113715251629496479289015582,incomplete
1.3.6.1.4.1.14519.5.2.1.6279.6001.138894439026794145866157853158,incomplete
1.3.6.1.4.1.14519.5.2.1.6279.6001.246178337114401749164850220976,incomplete
1.3.6.1.4.1.14519.5.2.1.6279.6001.206539885154775002929031534291,incomplete
1.3.6.1.4.1.14519.5.2.1.6279.6001.134638281277099121660656324702,incomplete
1.3.6.1.4.1.14519.5.2.1.6279.6001.771831598853841017505646275338,incomplete
1.3.6.1.4.1.14519.5.2.1.6279.6001.244442540088515471945035689377,incomplete
1.3.6.1.4.1.14519.5.2.1.6279.6001.170135352376311821460213875884,incomplete
1.3.6.1.4.1.14519.5.2.1.6279.6001.885168397833922082085837240429,incomplete
1.3.6.1.4.1.14519.5.2.1.6279.6001.297964221542942838344351735414,incomplete
1.3.6.1.4.1.14519.5.2.1.6279.6001.247060297988514823071467295949,incomplete
1.3.6.1.4.1.14519.5.2.1.6279.6001.105756658031515062000744821260,incomplete
1.3.6.1.4.1.14519.5.2.1.6279.6001.114218724025049818743426522343,incomplete
1.3.6.1.4.1.14519.5.2.1.6279.6001.326458819737931581200925000717,incomplete
1.3.6.1.4.1.14519.5.2.1.6279.6001.561423049201987049884663740668,incomplete
1.3.6.1.4.1.14519.5.2.1.6279.6001.244590453955380448651329424024,incomplete
1.3.6.1.4.1.14519.5.2.1.6279.6001.336894364358709782463716339027,incomplete
1.3.6.1.4.1.14519.5.2.1.6279.6001.584871944187559733312703328980,incomplete
1.3.6.1.4.1.14519.5.2.1.6279.6001.323426705628838942177546503237,incomplete
1.3.6.1.4.1.14519.5.2.1.6279.6001.179943248049071805421192715219,incomplete
1.3.6.1.4.1.14519.5.2.1.6279.6001.244681063194071446501270815660,incomplete
1.3.6.1.4.1.14519.5.2.1.6279.6001.172573195301625265149778785969,incomplete
1.3.6.1.4.1.14519.5.2.1.6279.6001.265570697208310960298668720669,incomplete
1.3.6.1.4.1.14519.5.2.1.6279.6001.224845111941302943990256315343,incomplete
1.3.6.1.4.1.14519.5.2.1.6279.6001.756684168227383088294595834066,incomplete
1.3.6.1.4.1.14519.5.2.1.6279.6001.417815314896088956784723476543,incomplete
1.3.6.1.4.1.14519.5.2.1.6279.6001.946129570505893110165820050204,incomplete
1.3.6.1.4.1.14519.5.2.1.6279.6001.306112617218006614029386065035,incomplete
1.3.6.1.4.1.14519.5.2.1.6279.6001.250481236093201801255751845296,incomplete
1.3.6.1.4.1.14519.5.2.1.6279.6001.233001470265230594739708503198,incomplete
1.3.6.1.4.1.14519.5.2.1.6279.6001.244995725416880806339898556632,incomplete
1.3.6.1.4.1.14519.5.2.1.6279.6001.265775376735520890308424143898,incomplete
1.3.6.1.4.1.14519.5.2.1.6279.6001.168037818448885856452592057286,incomplete
1.3.6.1.4.1.14519.5.2.1.6279.6001.100684836163890911914061745866,incomplete
1.3.6.1.4.1.14519.5.2.1.6279.6001.119515474430718803379832249911,incomplete
1.3.6.1.4.1.14519.5.2.1.6279.6001.171682845383273105440297561095,incomplete
1.3.6.1.4.1.14519.5.2.1.6279.6001.229860476925100292554329427970,incomplete
1.3.6.1.4.1.14519.5.2.1.6279.6001.135512138260421166189966386929,incomplete
1.3.6.1.4.1.14519.5.2.1.6279.6001.184501854685844606619543150859,incomplete
1.3.6.1.4.1.14519.5.2.1.6279.6001.126121460017257137098781143514,incomplete
1.3.6.1.4.1.14519.5.2.1.6279.6001.297988578825170426663869669862,incomplete
1.3.6.1.4.1.14519.5.2.1.6279.6001.305000574633573438189782624063,incomplete
1.3.6.1.4.1.14519.5.2.1.6279.6001.238522526736091851696274044574,incomplete
1.3.6.1.4.1.14519.5.2.1.6279.6001.766881513533845439335142582269,incomplete
1.3.6.1.4.1.14519.5.2.1.6279.6001.310626494937915759224334597176,incomplete
1.3.6.1.4.1.14519.5.2.1.6279.6001.313756547848086902190878548835,incomplete
1.3.6.1.4.1.14519.5.2.1.6279.6001.525937963993475482158828421281,incomplete
1.3.6.1.4.1.14519.5.2.1.6279.6001.692598144815688523679745963696,incomplete
1.3.6.1.4.1.14519.5.2.1.6279.6001.111017101339429664883879536171,incomplete
1.3.6.1.4.1.14519.5.2.1.6279.6001.148935306123327835217659769212,incomplete
1.3.6.1.4.1.14519.5.2.1.6279.6001.162351539386551708034407968929,incomplete
1.3.6.1.4.1.14519.5.2.1.6279.6001.292194861362266467652267941663,incomplete
1.3.6.1.4.1.14519.5.2.1.6279.6001.215785045378334625097907422785,incomplete
1.3.6.1.4.1.14519.5.2.1.6279.6001.596908385953413160131451426904,incomplete
1.3.6.1.4.1.14519.5.2.1.6279.6001.104562737760173137525888934217,incomplete
1.3.6.1.4.1.14519.5.2.1.6279.6001.308153138776443962077214577161,incomplete
1.3.6.1.4.1.14519.5.2.1.6279.6001.332453873575389860371315979768,incomplete
1.3.6.1.4.1.14519.5.2.1.6279.6001.194440094986948071643661798326,incomplete
1.3.6.1.4.1.14519.5.2.1.6279.6001.193408384740507320589857096592,incomplete
1.3.6.1.4.1.14519.5.2.1.6279.6001.141069661700670042960678408762,incomplete
1.3.6.1.4.1.14519.5.2.1.6279.6001.205174485766424333452131788504,incomplete
1.3.6.1.4.1.14519.5.2.1.6279.6001.112740418331256326754121315800,incomplete
1.3.6.1.4.1.14519.5.2.1.6279.6001.265453131727473342790950829556,incomplete
1.3.6.1.4.1.14519.5.2.1.6279.6001.280072876841890439628529365478,incomplete
1.3.6.1.4.1.14519.5.2.1.6279.6001.390009458146468860187238398197,incomplete
1.3.6.1.4.1.14519.5.2.1.6279.6001.167661207884826429102690781600,incomplete
1.3.6.1.4.1.14519.5.2.1.6279.6001.192256506776434538421891524301,incomplete
1.3.6.1.4.1.14519.5.2.1.6279.6001.100332161840553388986847034053,incomplete
1.3.6.1.4.1.14519.5.2.1.6279.6001.771741891125176943862272696845,incomplete
1.3.6.1.4.1.14519.5.2.1.6279.6001.749871569713868632259874663577,incomplete
1.3.6.1.4.1.14519.5.2.1.6279.6001.302134342469412607966016057827,incomplete
1.3.6.1.4.1.14519.5.2.1.6279.6001.144943344795414353192059796098,incomplete
1.3.6.1.4.1.14519.5.2.1.6279.6001.232058316950007760548968840196,incomplete
1.3.6.1.4.1.14519.5.2.1.6279.6001.116097642684124305074876564522,incomplete
1.3.6.1.4.1.14519.5.2.1.6279.6001.148447286464082095534651426689,incomplete
1.3.6.1.4.1.14519.5.2.1.6279.6001.664409965623578819357819577077,incomplete
1.3.6.1.4.1.14519.5.2.1.6279.6001.134370886216012873213579659366,incomplete
1.3.6.1.4.1.14519.5.2.1.6279.6001.259453428008507791234730686014,incomplete
1.3.6.1.4.1.14519.5.2.1.6279.6001.266009527139315622265711325223,incomplete
1.3.6.1.4.1.14519.5.2.1.6279.6001.259124675432205040899951626253,incomplete
1.3.6.1.4.1.14519.5.2.1.6279.6001.780558315515979171413904604168,incomplete
1.3.6.1.4.1.14519.5.2.1.6279.6001.300392272203629213913702120739,incomplete
1.3.6.1.4.1.14519.5.2.1.6279.6001.223098610241551815995595311693,incomplete
1.3.6.1.4.1.14519.5.2.1.6279.6001.323302986710576400812869264321,incomplete
1.3.6.1.4.1.14519.5.2.1.6279.6001.724251104254976962355686318345,incomplete
1.3.6.1.4.1.14519.5.2.1.6279.6001.801945620899034889998809817499,incomplete
1.3.6.1.4.1.14519.5.2.1.6279.6001.323535944958374186208096541480,incomplete
1.3.6.1.4.1.14519.5.2.1.6279.6001.631047517458234322522264161877,incomplete
1.3.6.1.4.1.14519.5.2.1.6279.6001.220747560179730541133819705549,incomplete
1.3.6.1.4.1.14519.5.2.1.6279.6001.450501966058662668272378865145,incomplete
1.3.6.1.4.1.14519.5.2.1.6279.6001.330643702676971528301859647742,incomplete
1.3.6.1.4.1.14519.5.2.1.6279.6001.768276876111112560631432843476,incomplete
1.3.6.1.4.1.14519.5.2.1.6279.6001.199975006921901879512837687266,incomplete
1.3.6.1.4.1.14519.5.2.1.6279.6001.419601611032172899567156073142,incomplete
1.3.6.1.4.1.14519.5.2.1.6279.6001.106419850406056634877579573537,incomplete
1.3.6.1.4.1.14519.5.2.1.6279.6001.182192086929819295877506541021,incomplete
1.3.6.1.4.1.14519.5.2.1.6279.6001.213854687290736562463866711534,incomplete
1.3.6.1.4.1.14519.5.2.1.6279.6001.175318131822744218104175746898,incomplete
1.3.6.1.4.1.14519.5.2.1.6279.6001.304700823314998198591652152637,incomplete
1.3.6.1.4.1.14519.5.2.1.6279.6001.220596530836092324070084384692,incomplete
1.3.6.1.4.1.14519.5.2.1.6279.6001.114914167428485563471327801935,incomplete
1.3.6.1.4.1.14519.5.2.1.6279.6001.109203031650348694844047454215,incomplete
1.3.6.1.4.1.14519.5.2.1.6279.6001.100398138793540579077826395208,incomplete
1.3.6.1.4.1.14519.5.2.1.6279.6001.898642529028521482602829374444,incomplete
1.3.6.1.4.1.14519.5.2.1.6279.6001.232071262560365924176679652948,incomplete
1.3.6.1.4.1.14519.5.2.1.6279.6001.664989286137882319237192185951,incomplete
1.3.6.1.4.1.14519.5.2.1.6279.6001.129650136453746261130135157590,incomplete
1.3.6.1.4.1.14519.5.2.1.6279.6001.170052181746004939527661217512,incomplete
1.3.6.1.4.1.14519.5.2.1.6279.6001.142154819868944114554521645782,incomplete
1.3.6.1.4.1.14519.5.2.1.6279.6001.390513733720659266816639651938,incomplete
1.3.6.1.4.1.14519.5.2.1.6279.6001.149893110752986700464921264055,incomplete
1.3.6.1.4.1.14519.5.2.1.6279.6001.151764021165118974848436095034,incomplete
1.3.6.1.4.1.14519.5.2.1.6279.6001.240630002689062442926543993263,incomplete
1.3.6.1.4.1.14519.5.2.1.6279.6001.146603910507557786636779705509,incomplete
1.3.6.1.4.1.14519.5.2.1.6279.6001.309672797925724868457151381131,incomplete
1.3.6.1.4.1.14519.5.2.1.6279.6001.253322967203074795232627653819,incomplete
1.3.6.1.4.1.14519.5.2.1.6279.6001.114195693932194925962391697338,incomplete
1.3.6.1.4.1.14519.5.2.1.6279.6001.658611160253017715059194304729,incomplete
1.3.6.1.4.1.14519.5.2.1.6279.6001.102133688497886810253331438797,incomplete
1.3.6.1.4.1.14519.5.2.1.6279.6001.121391737347333465796214915391,incomplete
1.3.6.1.4.1.14519.5.2.1.6279.6001.136830368929967292376608088362,incomplete
1.3.6.1.4.1.14519.5.2.1.6279.6001.215104063467523905369326175410,incomplete
1.3.6.1.4.1.14519.5.2.1.6279.6001.897279226481700053115245043064,incomplete
1.3.6.1.4.1.14519.5.2.1.6279.6001.273525289046256012743471155680,incomplete
1.3.6.1.4.1.14519.5.2.1.6279.6001.340158437895922179455019686521,incomplete
1.3.6.1.4.1.14519.5.2.1.6279.6001.216252660192313507027754194207,incomplete
1.3.6.1.4.1.14519.5.2.1.6279.6001.209269973797560820442292189762,incomplete
1.3.6.1.4.1.14519.5.2.1.6279.6001.225227615446398900698431118292,incomplete
1.3.6.1.4.1.14519.5.2.1.6279.6001.325164338773720548739146851679,incomplete
1.3.6.1.4.1.14519.5.2.1.6279.6001.219281726101239572270900838145,incomplete
1.3.6.1.4.1.14519.5.2.1.6279.6001.669518152156802508672627785405,incomplete
1.3.6.1.4.1.14519.5.2.1.6279.6001.245349763807614756148761326488,incomplete
1.3.6.1.4.1.14519.5.2.1.6279.6001.275755514659958628040305922764,incomplete
1.3.6.1.4.1.14519.5.2.1.6279.6001.222052723822248889877676736332,incomplete
1.3.6.1.4.1.14519.5.2.1.6279.6001.164988920331211858091402361989,incomplete
1.3.6.1.4.1.14519.5.2.1.6279.6001.674809958213117379592437424616,incomplete
1.3.6.1.4.1.14519.5.2.1.6279.6001.252697338970999211181671881792,incomplete
1.3.6.1.4.1.14519.5.2.1.6279.6001.237915456403882324748189195892,incomplete
1.3.6.1.4.1.14519.5.2.1.6279.6001.194488534645348916700259325236,incomplete
1.3.6.1.4.1.14519.5.2.1.6279.6001.144883090372691745980459537053,incomplete
1.3.6.1.4.1.14519.5.2.1.6279.6001.300146276266881736689307479986,incomplete
1.3.6.1.4.1.14519.5.2.1.6279.6001.247769845138587733933485039556,incomplete
1.3.6.1.4.1.14519.5.2.1.6279.6001.159521777966998275980367008904,incomplete
1.3.6.1.4.1.14519.5.2.1.6279.6001.199171741859530285887752432478,incomplete
1.3.6.1.4.1.14519.5.2.1.6279.6001.316643107252485100789257057503,incomplete
1.3.6.1.4.1.14519.5.2.1.6279.6001.139889514693390832525232698200,incomplete
1.3.6.1.4.1.14519.5.2.1.6279.6001.401389720232123950202941034290,incomplete
1.3.6.1.4.1.14519.5.2.1.6279.6001.309955999522338651429118207446,incomplete
1.3.6.1.4.1.14519.5.2.1.6279.6001.293042942258944468818728122049,incomplete
1.3.6.1.4.1.14519.5.2.1.6279.6001.466284753932369813717081722101,incomplete
1.3.6.1.4.1.14519.5.2.1.6279.6001.200725988589959521302320481687,incomplete
1.3.6.1.4.1.14519.5.2.1.6279.6001.220205300714852483483213840572,incomplete
1.3.6.1.4.1.14519.5.2.1.6279.6001.174935793360491516757154875981,incomplete
1.3.6.1.4.1.14519.5.2.1.6279.6001.242624386080831911167122628616,incomplete
1.3.6.1.4.1.14519.5.2.1.6279.6001.217589936421986638139451480826,incomplete
1.3.6.1.4.1.14519.5.2.1.6279.6001.655242448149322898770987310561,incomplete
1.3.6.1.4.1.14519.5.2.1.6279.6001.123654356399290048011621921476,incomplete
1.3.6.1.4.1.14519.5.2.1.6279.6001.293757615532132808762625441831,incomplete
1.3.6.1.4.1.14519.5.2.1.6279.6001.214800939017429618305208626314,incomplete
1.3.6.1.4.1.14519.5.2.1.6279.6001.163901773171373940247829492387,incomplete
1.3.6.1.4.1.14519.5.2.1.6279.6001.665044273312514967270866833277,incomplete
1.3.6.1.4.1.14519.5.2.1.6279.6001.299806338046301317870803017534,incomplete
1.3.6.1.4.1.14519.5.2.1.6279.6001.975254950136384517744116790879,incomplete
1.3.6.1.4.1.14519.5.2.1.6279.6001.115386642382564804180764325545,incomplete
1.3.6.1.4.1.14519.5.2.1.6279.6001.286647622786041008124419915089,incomplete
1.3.6.1.4.1.14519.5.2.1.6279.6001.227968442353440630355230778531,incomplete
1.3.6.1.4.1.14519.5.2.1.6279.6001.145510611155363050427743946446,incomplete
1.3.6.1.4.1.14519.5.2.1.6279.6001.182798854785392200340436516930,incomplete
1.3.6.1.4.1.14519.5.2.1.6279.6001.134519406153127654901640638633,incomplete
1.3.6.1.4.1.14519.5.2.1.6279.6001.141345499716190654505508410197,incomplete
1.3.6.1.4.1.14519.5.2.1.6279.6001.329624439086643515259182406526,incomplete
1.3.6.1.4.1.14519.5.2.1.6279.6001.303066851236267189733420290986,incomplete
1.3.6.1.4.1.14519.5.2.1.6279.6001.252709517998555732486024866345,incomplete
1.3.6.1.4.1.14519.5.2.1.6279.6001.210837812047373739447725050963,incomplete
1.3.6.1.4.1.14519.5.2.1.6279.6001.892375496445736188832556446335,incomplete
1.3.6.1.4.1.14519.5.2.1.6279.6001.139030456172925758598108159491,incomplete
1.3.6.1.4.1.14519.5.2.1.6279.6001.159665703190517688573100822213,incomplete
1.3.6.1.4.1.14519.5.2.1.6279.6001.226152078193253087875725735761,incomplete
1.3.6.1.4.1.14519.5.2.1.6279.6001.108193664222196923321844991231,incomplete
1.3.6.1.4.1.14519.5.2.1.6279.6001.107109359065300889765026303943,incomplete
1.3.6.1.4.1.14519.5.2.1.6279.6001.137009552031052971596477963106,incomplete
1.3.6.1.4.1.14519.5.2.1.6279.6001.256542095129414948017808425649,incomplete
1.3.6.1.4.1.14519.5.2.1.6279.6001.765930210026773090100532964804,incomplete
1.3.6.1.4.1.14519.5.2.1.6279.6001.254473943359963613733707320244,incomplete
1.3.6.1.4.1.14519.5.2.1.6279.6001.458525794434429386945463560826,incomplete
1.3.6.1.4.1.14519.5.2.1.6279.6001.592821488053137951302246128864,incomplete
1.3.6.1.4.1.14519.5.2.1.6279.6001.463588161905537526756964393219,incomplete
1.3.6.1.4.1.14519.5.2.1.6279.6001.183056151780567460322586876100,incomplete
1.3.6.1.4.1.14519.5.2.1.6279.6001.920930696356287056377683209311,incomplete
1.3.6.1.4.1.14519.5.2.1.6279.6001.216652640878960522552873394709,incomplete
1.3.6.1.4.1.14519.5.2.1.6279.6001.244447966386688625240438849169,incomplete
1.3.6.1.4.1.14519.5.2.1.6279.6001.701514276942509393419164159551,incomplete
1.3.6.1.4.1.14519.5.2.1.6279.6001.275766318636944297772360944907,incomplete
1.3.6.1.4.1.14519.5.2.1.6279.6001.762989635154095750732267242621,incomplete
1.3.6.1.4.1.14519.5.2.1.6279.6001.300246184547502297539521283806,incomplete
1.3.6.1.4.1.14519.5.2.1.6279.6001.259227883564429312164962953756,incomplete
1.3.6.1.4.1.14519.5.2.1.6279.6001.265960756233787099041040311282,incomplete
1.3.6.1.4.1.14519.5.2.1.6279.6001.147325126373007278009743173696,incomplete
1.3.6.1.4.1.14519.5.2.1.6279.6001.323646598927268841433920119813,incomplete
1.3.6.1.4.1.14519.5.2.1.6279.6001.116703382344406837243058680403,incomplete
1.3.6.1.4.1.14519.5.2.1.6279.6001.135657246677982059395844827629,incomplete
1.3.6.1.4.1.14519.5.2.1.6279.6001.117040183261056772902616195387,incomplete
1.3.6.1.4.1.14519.5.2.1.6279.6001.305887072264491016857673607285,incomplete
1.3.6.1.4.1.14519.5.2.1.6279.6001.750792629100457382099842515038,incomplete
1.3.6.1.4.1.14519.5.2.1.6279.6001.334105754605642100456249422350,incomplete
1.3.6.1.4.1.14519.5.2.1.6279.6001.219254430927834326484477690403,incomplete
1.3.6.1.4.1.14519.5.2.1.6279.6001.338875090785618956575597613546,incomplete
1.3.6.1.4.1.14519.5.2.1.6279.6001.186021279664749879526003668137,incomplete
1.3.6.1.4.1.14519.5.2.1.6279.6001.235364978775280910367690540811,incomplete
1.3.6.1.4.1.14519.5.2.1.6279.6001.328695385904874796172316226975,incomplete
1.3.6.1.4.1.14519.5.2.1.6279.6001.265133389948279331857097127422,incomplete
1.3.6.1.4.1.14519.5.2.1.6279.6001.640729228179368154416184318668,incomplete
1.3.6.1.4.1.14519.5.2.1.6279.6001.246225645401227472829175288633,incomplete
1.3.6.1.4.1.14519.5.2.1.6279.6001.211956804948320236390242845468,incomplete
1.3.6.1.4.1.14519.5.2.1.6279.6001.140239815496047437552471323962,incomplete
1.3.6.1.4.1.14519.5.2.1.6279.6001.170765551637157813497344006818,incomplete
1.3.6.1.4.1.14519.5.2.1.6279.6001.707218743153927597786179232739,incomplete
1.3.6.1.4.1.14519.5.2.1.6279.6001.309955814083231537823157605135,incomplete
1.3.6.1.4.1.14519.5.2.1.6279.6001.190144948425835566841437565646,incomplete
1.3.6.1.4.1.14519.5.2.1.6279.6001.334022941831199910030220864961,incomplete
1.3.6.1.4.1.14519.5.2.1.6279.6001.138904664700896606480369521124,incomplete
1.3.6.1.4.1.14519.5.2.1.6279.6001.315770913282450940389971401304,incomplete
1.3.6.1.4.1.14519.5.2.1.6279.6001.179730018513720561213088132029,incomplete
1.3.6.1.4.1.14519.5.2.1.6279.6001.253283426904813468115158375647,incomplete
1.3.6.1.4.1.14519.5.2.1.6279.6001.219349715895470349269596532320,incomplete
1.3.6.1.4.1.14519.5.2.1.6279.6001.274231544628870369798516818358,incomplete
1.3.6.1.4.1.14519.5.2.1.6279.6001.231939547329414331267567352432,incomplete
1.3.6.1.4.1.14519.5.2.1.6279.6001.296738183013079390785739615169,incomplete
1.3.6.1.4.1.14519.5.2.1.6279.6001.313835996725364342034830119490,incomplete
1.3.6.1.4.1.14519.5.2.1.6279.6001.317087518531899043292346860596,incomplete
1.3.6.1.4.1.14519.5.2.1.6279.6001.137763212752154081977261297097,incomplete
1.3.6.1.4.1.14519.5.2.1.6279.6001.278010349511857248000260557753,incomplete
1.3.6.1.4.1.14519.5.2.1.6279.6001.163931625580639955914619627409,incomplete
1.3.6.1.4.1.14519.5.2.1.6279.6001.156181515927698299507377083373,incomplete
1.3.6.1.4.1.14519.5.2.1.6279.6001.275124131364875117499826877835,incomplete
1.3.6.1.4.1.14519.5.2.1.6279.6001.191034085672515521659942406513,incomplete
1.3.6.1.4.1.14519.5.2.1.6279.6001.164790817284381538042494285101,incomplete
1.3.6.1.4.1.14519.5.2.1.6279.6001.252358625003143649770119512644,incomplete
1.3.6.1.4.1.14519.5.2.1.6279.6001.331211682377519763144559212009,incomplete
1.3.6.1.4.1.14519.5.2.1.6279.6001.152944699527354927160275613434,incomplete
1.3.6.1.4.1.14519.5.2.1.6279.6001.888291896309937415860209787179,incomplete
1.3.6.1.4.1.14519.5.2.1.6279.6001.119304665257760307862874140576,incomplete
1.3.6.1.4.1.14519.5.2.1.6279.6001.238855414831158993232534884296,incomplete
1.3.6.1.4.1.14519.5.2.1.6279.6001.333319057944372470283038483725,incomplete
1.3.6.1.4.1.14519.5.2.1.6279.6001.776429308535398795601496131524,incomplete
1.3.6.1.4.1.14519.5.2.1.6279.6001.281254424459536762125243157973,incomplete
1.3.6.1.4.1.14519.5.2.1.6279.6001.314917368146772872954571551463,incomplete
1.3.6.1.4.1.14519.5.2.1.6279.6001.534083630500464995109143618896,incomplete
1.3.6.1.4.1.14519.5.2.1.6279.6001.218225745759901171776512645078,incomplete
1.3.6.1.4.1.14519.5.2.1.6279.6001.161633200801003804714818844696,incomplete
1.3.6.1.4.1.14519.5.2.1.6279.6001.229960820686439513664996214638,incomplete
1.3.6.1.4.1.14519.5.2.1.6279.6001.110835886706944718242055570943,incomplete
1.3.6.1.4.1.14519.5.2.1.6279.6001.177785764461425908755977367558,incomplete
1.3.6.1.4.1.14519.5.2.1.6279.6001.281967919138248195763602360723,incomplete
1.3.6.1.4.1.14519.5.2.1.6279.6001.106719103982792863757268101375,incomplete
1.3.6.1.4.1.14519.5.2.1.6279.6001.193721075067404532739943086458,incomplete
1.3.6.1.4.1.14519.5.2.1.6279.6001.413896555982844732694353377538,incomplete
1.3.6.1.4.1.14519.5.2.1.6279.6001.206097113343059612247503064658,incomplete
1.3.6.1.4.1.14519.5.2.1.6279.6001.230675342744370103160629638194,incomplete
1.3.6.1.4.1.14519.5.2.1.6279.6001.336102335330125765000317290445,incomplete
1.3.6.1.4.1.14519.5.2.1.6279.6001.118140393257625250121502185026,incomplete
1.3.6.1.4.1.14519.5.2.1.6279.6001.991510467496831189331312523884,incomplete
1.3.6.1.4.1.14519.5.2.1.6279.6001.881807066375601978080868510714,incomplete
1.3.6.1.4.1.14519.5.2.1.6279.6001.145283812746259413053188838096,incomplete
1.3.6.1.4.1.14519.5.2.1.6279.6001.304676828064484590312919543151,incomplete
1.3.6.1.4.1.14519.5.2.1.6279.6001.308183340111270052562662456038,incomplete
1.3.6.1.4.1.14519.5.2.1.6279.6001.220041426531925632952954881401,incomplete
1.3.6.1.4.1.14519.5.2.1.6279.6001.156579001330474859527530187095,incomplete
1.3.6.1.4.1.14519.5.2.1.6279.6001.230180665627287711381156820813,incomplete
1.3.6.1.4.1.14519.5.2.1.6279.6001.765459236550358748053283544075,incomplete
1.3.6.1.4.1.14519.5.2.1.6279.6001.624425075947752229712087113746,incomplete
1.3.6.1.4.1.14519.5.2.1.6279.6001.196251645377731223510086726530,incomplete
1.3.6.1.4.1.14519.5.2.1.6279.6001.309564220265302089123180126785,incomplete
1.3.6.1.4.1.14519.5.2.1.6279.6001.254138388912084634057282064266,incomplete
1.3.6.1.4.1.14519.5.2.1.6279.6001.126704785377921920210612476953,incomplete
1.3.6.1.4.1.14519.5.2.1.6279.6001.282779922503707013097174625409,incomplete
1.3.6.1.4.1.14519.5.2.1.6279.6001.250438451287314206124484591986,incomplete
1.3.6.1.4.1.14519.5.2.1.6279.6001.266581250778073944645044950856,incomplete
1.3.6.1.4.1.14519.5.2.1.6279.6001.198016798894102791158686961192,incomplete
1.3.6.1.4.1.14519.5.2.1.6279.6001.339882192295517122002429068974,incomplete
1.3.6.1.4.1.14519.5.2.1.6279.6001.302876782304722412779805665588,incomplete
1.3.6.1.4.1.14519.5.2.1.6279.6001.534006575256943390479252771547,incomplete
1.3.6.1.4.1.14519.5.2.1.6279.6001.802595762867498341201607992711,incomplete
1.3.6.1.4.1.14519.5.2.1.6279.6001.337005960787660957389988207064,incomplete
1.3.6.1.4.1.14519.5.2.1.6279.6001.187803155574314810830688534991,incomplete
1.3.6.1.4.1.14519.5.2.1.6279.6001.842980983137518332429408284002,incomplete
1.3.6.1.4.1.14519.5.2.1.6279.6001.803987517543436570820681016103,incomplete
1.3.6.1.4.1.14519.5.2.1.6279.6001.216882370221919561230873289517,incomplete
1.3.6.1.4.1.14519.5.2.1.6279.6001.100225287222365663678666836860,incomplete
1.3.6.1.4.1.14519.5.2.1.6279.6001.120301525825493211649827266081,incomplete
1.3.6.1.4.1.14519.5.2.1.6279.6001.100621383016233746780170740405,incomplete
1.3.6.1.4.1.14519.5.2.1.6279.6001.686768766518862600747989429768,incomplete
1.3.6.1.4.1.14519.5.2.1.6279.6001.142485715518010940961688015191,incomplete
1.3.6.1.4.1.14519.5.2.1.6279.6001.675543413149938600000570588203,incomplete
1.3.6.1.4.1.14519.5.2.1.6279.6001.397062004302272014259317520874,incomplete
1.3.6.1.4.1.14519.5.2.1.6279.6001.229096941293122177107846044795,incomplete
1.3.6.1.4.1.14519.5.2.1.6279.6001.141511313712034597336182402384,incomplete
1.3.6.1.4.1.14519.5.2.1.6279.6001.855232435861303786204450738044,incomplete
1.3.6.1.4.1.14519.5.2.1.6279.6001.332510758903897288735539953182,incomplete
1.3.6.1.4.1.14519.5.2.1.6279.6001.550599855064600241623943717588,incomplete
1.3.6.1.4.1.14519.5.2.1.6279.6001.272123398257168239653655006815,incomplete
1.3.6.1.4.1.14519.5.2.1.6279.6001.153646219551578201092527860224,incomplete
